Danh muc,Ten san pham,SKU,Bien the,Ton kho web,Serial,Vi tri ke
Laptop & Desktop,Apple macbook-air-15-inch-m2-2023-,LAP-APP-60299-16GB,16GB,70,ES0000180000001,Ke A - Tang 1 - O 9
Laptop & Desktop,Apple macbook-air-15-inch-m2-2023-,LAP-APP-60299-16GB,16GB,70,ES0000180000002,Ke A - Tang 1 - O 9
Laptop & Desktop,Apple macbook-air-15-inch-m2-2023-,LAP-APP-60299-16GB,16GB,70,ES0000180000003,Ke A - Tang 1 - O 9
Laptop & Desktop,Apple macbook-air-15-inch-m2-2023-,LAP-APP-60299-16GB,16GB,70,ES0000180000004,Ke A - Tang 1 - O 9
Laptop & Desktop,Apple macbook-air-15-inch-m2-2023-,LAP-APP-60299-16GB,16GB,70,ES0000180000005,Ke A - Tang 1 - O 9
Laptop & Desktop,Apple macbook-air-15-inch-m2-2023-,LAP-APP-60299-16GB,16GB,70,ES0000180000006,Ke A - Tang 1 - O 9
Laptop & Desktop,Apple macbook-air-15-inch-m2-2023-,LAP-APP-60299-16GB,16GB,70,ES0000180000007,Ke A - Tang 1 - O 9
Laptop & Desktop,Apple macbook-air-15-inch-m2-2023-,LAP-APP-60299-16GB,16GB,70,ES0000180000008,Ke A - Tang 1 - O 9
Laptop & Desktop,Apple macbook-air-15-inch-m2-2023-,LAP-APP-60299-16GB,16GB,70,ES0000180000009,Ke A - Tang 1 - O 9
Laptop & Desktop,Apple macbook-air-15-inch-m2-2023-,LAP-APP-60299-16GB,16GB,70,ES0000180000010,Ke A - Tang 1 - O 9
Laptop & Desktop,Apple macbook-air-15-inch-m2-2023-,LAP-APP-60299-16GB,16GB,70,ES0000180000011,Ke A - Tang 1 - O 9
Laptop & Desktop,Apple macbook-air-15-inch-m2-2023-,LAP-APP-60299-16GB,16GB,70,ES0000180000012,Ke A - Tang 1 - O 9
Laptop & Desktop,Apple macbook-air-15-inch-m2-2023-,LAP-APP-60299-16GB,16GB,70,ES0000180000013,Ke A - Tang 1 - O 9
Laptop & Desktop,Apple macbook-air-15-inch-m2-2023-,LAP-APP-60299-16GB,16GB,70,ES0000180000014,Ke A - Tang 1 - O 9
Laptop & Desktop,Apple macbook-air-15-inch-m2-2023-,LAP-APP-60299-16GB,16GB,70,ES0000180000015,Ke A - Tang 1 - O 9
Laptop & Desktop,Apple macbook-air-15-inch-m2-2023-,LAP-APP-60299-16GB,16GB,70,ES0000180000016,Ke A - Tang 1 - O 9
Laptop & Desktop,Apple macbook-air-15-inch-m2-2023-,LAP-APP-60299-16GB,16GB,70,ES0000180000017,Ke A - Tang 1 - O 9
Laptop & Desktop,Apple macbook-air-15-inch-m2-2023-,LAP-APP-60299-16GB,16GB,70,ES0000180000018,Ke A - Tang 1 - O 9
Laptop & Desktop,Apple macbook-air-15-inch-m2-2023-,LAP-APP-60299-16GB,16GB,70,ES0000180000019,Ke A - Tang 1 - O 9
Laptop & Desktop,Apple macbook-air-15-inch-m2-2023-,LAP-APP-60299-16GB,16GB,70,ES0000180000020,Ke A - Tang 1 - O 9
Laptop & Desktop,Apple macbook-air-15-inch-m2-2023-,LAP-APP-60299-16GB,16GB,70,ES0000180000021,Ke A - Tang 1 - O 9
Laptop & Desktop,Apple macbook-air-15-inch-m2-2023-,LAP-APP-60299-16GB,16GB,70,ES0000180000022,Ke A - Tang 1 - O 9
Laptop & Desktop,Apple macbook-air-15-inch-m2-2023-,LAP-APP-60299-16GB,16GB,70,ES0000180000023,Ke A - Tang 1 - O 9
Laptop & Desktop,Apple macbook-air-15-inch-m2-2023-,LAP-APP-60299-16GB,16GB,70,ES0000180000024,Ke A - Tang 1 - O 9
Laptop & Desktop,Apple macbook-air-15-inch-m2-2023-,LAP-APP-60299-16GB,16GB,70,ES0000180000025,Ke A - Tang 1 - O 9
Laptop & Desktop,Apple macbook-air-15-inch-m2-2023-,LAP-APP-60299-16GB,16GB,70,ES0000180000026,Ke A - Tang 1 - O 9
Laptop & Desktop,Apple macbook-air-15-inch-m2-2023-,LAP-APP-60299-16GB,16GB,70,ES0000180000027,Ke A - Tang 1 - O 9
Laptop & Desktop,Apple macbook-air-15-inch-m2-2023-,LAP-APP-60299-16GB,16GB,70,ES0000180000028,Ke A - Tang 1 - O 9
Laptop & Desktop,Apple macbook-air-15-inch-m2-2023-,LAP-APP-60299-16GB,16GB,70,ES0000180000029,Ke A - Tang 1 - O 9
Laptop & Desktop,Apple macbook-air-15-inch-m2-2023-,LAP-APP-60299-16GB,16GB,70,ES0000180000030,Ke A - Tang 1 - O 9
Laptop & Desktop,Apple macbook-air-15-inch-m2-2023-,LAP-APP-60299-16GB,16GB,70,ES0000180000031,Ke A - Tang 1 - O 9
Laptop & Desktop,Apple macbook-air-15-inch-m2-2023-,LAP-APP-60299-16GB,16GB,70,ES0000180000032,Ke A - Tang 1 - O 9
Laptop & Desktop,Apple macbook-air-15-inch-m2-2023-,LAP-APP-60299-16GB,16GB,70,ES0000180000033,Ke A - Tang 1 - O 9
Laptop & Desktop,Apple macbook-air-15-inch-m2-2023-,LAP-APP-60299-16GB,16GB,70,ES0000180000034,Ke A - Tang 1 - O 9
Laptop & Desktop,Apple macbook-air-15-inch-m2-2023-,LAP-APP-60299-16GB,16GB,70,ES0000180000035,Ke A - Tang 1 - O 9
Laptop & Desktop,Apple macbook-air-15-inch-m2-2023-,LAP-APP-60299-16GB,16GB,70,ES0000180000036,Ke A - Tang 1 - O 9
Laptop & Desktop,Apple macbook-air-15-inch-m2-2023-,LAP-APP-60299-16GB,16GB,70,ES0000180000037,Ke A - Tang 1 - O 9
Laptop & Desktop,Apple macbook-air-15-inch-m2-2023-,LAP-APP-60299-16GB,16GB,70,ES0000180000038,Ke A - Tang 1 - O 9
Laptop & Desktop,Apple macbook-air-15-inch-m2-2023-,LAP-APP-60299-16GB,16GB,70,ES0000180000039,Ke A - Tang 1 - O 9
Laptop & Desktop,Apple macbook-air-15-inch-m2-2023-,LAP-APP-60299-16GB,16GB,70,ES0000180000040,Ke A - Tang 1 - O 9
Laptop & Desktop,Apple macbook-air-15-inch-m2-2023-,LAP-APP-60299-16GB,16GB,70,ES0000180000041,Ke A - Tang 1 - O 9
Laptop & Desktop,Apple macbook-air-15-inch-m2-2023-,LAP-APP-60299-16GB,16GB,70,ES0000180000042,Ke A - Tang 1 - O 9
Laptop & Desktop,Apple macbook-air-15-inch-m2-2023-,LAP-APP-60299-16GB,16GB,70,ES0000180000043,Ke A - Tang 1 - O 9
Laptop & Desktop,Apple macbook-air-15-inch-m2-2023-,LAP-APP-60299-16GB,16GB,70,ES0000180000044,Ke A - Tang 1 - O 9
Laptop & Desktop,Apple macbook-air-15-inch-m2-2023-,LAP-APP-60299-16GB,16GB,70,ES0000180000045,Ke A - Tang 1 - O 9
Laptop & Desktop,Apple macbook-air-15-inch-m2-2023-,LAP-APP-60299-16GB,16GB,70,ES0000180000046,Ke A - Tang 1 - O 9
Laptop & Desktop,Apple macbook-air-15-inch-m2-2023-,LAP-APP-60299-16GB,16GB,70,ES0000180000047,Ke A - Tang 1 - O 9
Laptop & Desktop,Apple macbook-air-15-inch-m2-2023-,LAP-APP-60299-16GB,16GB,70,ES0000180000048,Ke A - Tang 1 - O 9
Laptop & Desktop,Apple macbook-air-15-inch-m2-2023-,LAP-APP-60299-16GB,16GB,70,ES0000180000049,Ke A - Tang 1 - O 9
Laptop & Desktop,Apple macbook-air-15-inch-m2-2023-,LAP-APP-60299-16GB,16GB,70,ES0000180000050,Ke A - Tang 1 - O 9
Laptop & Desktop,Apple macbook-air-15-inch-m2-2023-,LAP-APP-60299-16GB,16GB,70,ES0000180000051,Ke A - Tang 1 - O 9
Laptop & Desktop,Apple macbook-air-15-inch-m2-2023-,LAP-APP-60299-16GB,16GB,70,ES0000180000052,Ke A - Tang 1 - O 9
Laptop & Desktop,Apple macbook-air-15-inch-m2-2023-,LAP-APP-60299-16GB,16GB,70,ES0000180000053,Ke A - Tang 1 - O 9
Laptop & Desktop,Apple macbook-air-15-inch-m2-2023-,LAP-APP-60299-16GB,16GB,70,ES0000180000054,Ke A - Tang 1 - O 9
Laptop & Desktop,Apple macbook-air-15-inch-m2-2023-,LAP-APP-60299-16GB,16GB,70,ES0000180000055,Ke A - Tang 1 - O 9
Laptop & Desktop,Apple macbook-air-15-inch-m2-2023-,LAP-APP-60299-16GB,16GB,70,ES0000180000056,Ke A - Tang 1 - O 9
Laptop & Desktop,Apple macbook-air-15-inch-m2-2023-,LAP-APP-60299-16GB,16GB,70,ES0000180000057,Ke A - Tang 1 - O 9
Laptop & Desktop,Apple macbook-air-15-inch-m2-2023-,LAP-APP-60299-16GB,16GB,70,ES0000180000058,Ke A - Tang 1 - O 9
Laptop & Desktop,Apple macbook-air-15-inch-m2-2023-,LAP-APP-60299-16GB,16GB,70,ES0000180000059,Ke A - Tang 1 - O 9
Laptop & Desktop,Apple macbook-air-15-inch-m2-2023-,LAP-APP-60299-16GB,16GB,70,ES0000180000060,Ke A - Tang 1 - O 9
Laptop & Desktop,Apple macbook-air-15-inch-m2-2023-,LAP-APP-60299-16GB,16GB,70,ES0000180000061,Ke A - Tang 1 - O 9
Laptop & Desktop,Apple macbook-air-15-inch-m2-2023-,LAP-APP-60299-16GB,16GB,70,ES0000180000062,Ke A - Tang 1 - O 9
Laptop & Desktop,Apple macbook-air-15-inch-m2-2023-,LAP-APP-60299-16GB,16GB,70,ES0000180000063,Ke A - Tang 1 - O 9
Laptop & Desktop,Apple macbook-air-15-inch-m2-2023-,LAP-APP-60299-16GB,16GB,70,ES0000180000064,Ke A - Tang 1 - O 9
Laptop & Desktop,Apple macbook-air-15-inch-m2-2023-,LAP-APP-60299-16GB,16GB,70,ES0000180000065,Ke A - Tang 1 - O 9
Laptop & Desktop,Apple macbook-air-15-inch-m2-2023-,LAP-APP-60299-16GB,16GB,70,ES0000180000066,Ke A - Tang 1 - O 9
Laptop & Desktop,Apple macbook-air-15-inch-m2-2023-,LAP-APP-60299-16GB,16GB,70,ES0000180000067,Ke A - Tang 1 - O 9
Laptop & Desktop,Apple macbook-air-15-inch-m2-2023-,LAP-APP-60299-16GB,16GB,70,ES0000180000068,Ke A - Tang 1 - O 9
Laptop & Desktop,Apple macbook-air-15-inch-m2-2023-,LAP-APP-60299-16GB,16GB,70,ES0000180000069,Ke A - Tang 1 - O 9
Laptop & Desktop,Apple macbook-air-15-inch-m2-2023-,LAP-APP-60299-16GB,16GB,70,ES0000180000070,Ke A - Tang 1 - O 9
Laptop & Desktop,Apple macbook-air-15-inch-m2-2023-,LAP-APP-62255-8GB,8GB,103,351234567890123,
Laptop & Desktop,Apple macbook-air-15-inch-m2-2023-,LAP-APP-62255-8GB,8GB,103,351234567890124,
Laptop & Desktop,Apple macbook-air-15-inch-m2-2023-,LAP-APP-62255-8GB,8GB,103,351234567800001,
Laptop & Desktop,Apple macbook-air-15-inch-m2-2023-,LAP-APP-62255-8GB,8GB,103,351234567800002,
Laptop & Desktop,Apple macbook-air-15-inch-m2-2023-,LAP-APP-62255-8GB,8GB,103,351234567800003,
Laptop & Desktop,Apple macbook-air-15-inch-m2-2023-,LAP-APP-62255-8GB,8GB,103,IMEI_TEST_001,
Laptop & Desktop,Apple macbook-air-15-inch-m2-2023-,LAP-APP-62255-8GB,8GB,103,ES0000170000001,Ke C - Tang 3 - O 8
Laptop & Desktop,Apple macbook-air-15-inch-m2-2023-,LAP-APP-62255-8GB,8GB,103,ES0000170000002,Ke C - Tang 3 - O 8
Laptop & Desktop,Apple macbook-air-15-inch-m2-2023-,LAP-APP-62255-8GB,8GB,103,ES0000170000003,Ke C - Tang 3 - O 8
Laptop & Desktop,Apple macbook-air-15-inch-m2-2023-,LAP-APP-62255-8GB,8GB,103,ES0000170000004,Ke C - Tang 3 - O 8
Laptop & Desktop,Apple macbook-air-15-inch-m2-2023-,LAP-APP-62255-8GB,8GB,103,ES0000170000005,Ke C - Tang 3 - O 8
Laptop & Desktop,Apple macbook-air-15-inch-m2-2023-,LAP-APP-62255-8GB,8GB,103,ES0000170000006,Ke C - Tang 3 - O 8
Laptop & Desktop,Apple macbook-air-15-inch-m2-2023-,LAP-APP-62255-8GB,8GB,103,ES0000170000007,Ke C - Tang 3 - O 8
Laptop & Desktop,Apple macbook-air-15-inch-m2-2023-,LAP-APP-62255-8GB,8GB,103,ES0000170000008,Ke C - Tang 3 - O 8
Laptop & Desktop,Apple macbook-air-15-inch-m2-2023-,LAP-APP-62255-8GB,8GB,103,ES0000170000009,Ke C - Tang 3 - O 8
Laptop & Desktop,Apple macbook-air-15-inch-m2-2023-,LAP-APP-62255-8GB,8GB,103,ES0000170000010,Ke C - Tang 3 - O 8
Laptop & Desktop,Apple macbook-air-15-inch-m2-2023-,LAP-APP-62255-8GB,8GB,103,ES0000170000011,Ke C - Tang 3 - O 8
Laptop & Desktop,Apple macbook-air-15-inch-m2-2023-,LAP-APP-62255-8GB,8GB,103,ES0000170000012,Ke C - Tang 3 - O 8
Laptop & Desktop,Apple macbook-air-15-inch-m2-2023-,LAP-APP-62255-8GB,8GB,103,ES0000170000013,Ke C - Tang 3 - O 8
Laptop & Desktop,Apple macbook-air-15-inch-m2-2023-,LAP-APP-62255-8GB,8GB,103,ES0000170000014,Ke C - Tang 3 - O 8
Laptop & Desktop,Apple macbook-air-15-inch-m2-2023-,LAP-APP-62255-8GB,8GB,103,ES0000170000015,Ke C - Tang 3 - O 8
Laptop & Desktop,Apple macbook-air-15-inch-m2-2023-,LAP-APP-62255-8GB,8GB,103,ES0000170000016,Ke C - Tang 3 - O 8
Laptop & Desktop,Apple macbook-air-15-inch-m2-2023-,LAP-APP-62255-8GB,8GB,103,ES0000170000017,Ke C - Tang 3 - O 8
Laptop & Desktop,Apple macbook-air-15-inch-m2-2023-,LAP-APP-62255-8GB,8GB,103,ES0000170000018,Ke C - Tang 3 - O 8
Laptop & Desktop,Apple macbook-air-15-inch-m2-2023-,LAP-APP-62255-8GB,8GB,103,ES0000170000019,Ke C - Tang 3 - O 8
Laptop & Desktop,Apple macbook-air-15-inch-m2-2023-,LAP-APP-62255-8GB,8GB,103,ES0000170000020,Ke C - Tang 3 - O 8
Laptop & Desktop,Apple macbook-air-15-inch-m2-2023-,LAP-APP-62255-8GB,8GB,103,ES0000170000021,Ke C - Tang 3 - O 8
Laptop & Desktop,Apple macbook-air-15-inch-m2-2023-,LAP-APP-62255-8GB,8GB,103,ES0000170000022,Ke C - Tang 3 - O 8
Laptop & Desktop,Apple macbook-air-15-inch-m2-2023-,LAP-APP-62255-8GB,8GB,103,ES0000170000023,Ke C - Tang 3 - O 8
Laptop & Desktop,Apple macbook-air-15-inch-m2-2023-,LAP-APP-62255-8GB,8GB,103,ES0000170000024,Ke C - Tang 3 - O 8
Laptop & Desktop,Apple macbook-air-15-inch-m2-2023-,LAP-APP-62255-8GB,8GB,103,ES0000170000025,Ke C - Tang 3 - O 8
Laptop & Desktop,Apple macbook-air-15-inch-m2-2023-,LAP-APP-62255-8GB,8GB,103,ES0000170000026,Ke C - Tang 3 - O 8
Laptop & Desktop,Apple macbook-air-15-inch-m2-2023-,LAP-APP-62255-8GB,8GB,103,ES0000170000027,Ke C - Tang 3 - O 8
Laptop & Desktop,Apple macbook-air-15-inch-m2-2023-,LAP-APP-62255-8GB,8GB,103,ES0000170000028,Ke C - Tang 3 - O 8
Laptop & Desktop,Apple macbook-air-15-inch-m2-2023-,LAP-APP-62255-8GB,8GB,103,ES0000170000029,Ke C - Tang 3 - O 8
Laptop & Desktop,Apple macbook-air-15-inch-m2-2023-,LAP-APP-62255-8GB,8GB,103,ES0000170000030,Ke C - Tang 3 - O 8
Laptop & Desktop,Apple macbook-air-15-inch-m2-2023-,LAP-APP-62255-8GB,8GB,103,ES0000170000031,Ke C - Tang 3 - O 8
Laptop & Desktop,Apple macbook-air-15-inch-m2-2023-,LAP-APP-62255-8GB,8GB,103,ES0000170000032,Ke C - Tang 3 - O 8
Laptop & Desktop,Apple macbook-air-15-inch-m2-2023-,LAP-APP-62255-8GB,8GB,103,ES0000170000033,Ke C - Tang 3 - O 8
Laptop & Desktop,Apple macbook-air-15-inch-m2-2023-,LAP-APP-62255-8GB,8GB,103,ES0000170000034,Ke C - Tang 3 - O 8
Laptop & Desktop,Apple macbook-air-15-inch-m2-2023-,LAP-APP-62255-8GB,8GB,103,ES0000170000035,Ke C - Tang 3 - O 8
Laptop & Desktop,Apple macbook-air-15-inch-m2-2023-,LAP-APP-62255-8GB,8GB,103,ES0000170000036,Ke C - Tang 3 - O 8
Laptop & Desktop,Apple macbook-air-15-inch-m2-2023-,LAP-APP-62255-8GB,8GB,103,ES0000170000037,Ke C - Tang 3 - O 8
Laptop & Desktop,Apple macbook-air-15-inch-m2-2023-,LAP-APP-62255-8GB,8GB,103,ES0000170000038,Ke C - Tang 3 - O 8
Laptop & Desktop,Apple macbook-air-15-inch-m2-2023-,LAP-APP-62255-8GB,8GB,103,ES0000170000039,Ke C - Tang 3 - O 8
Laptop & Desktop,Apple macbook-air-15-inch-m2-2023-,LAP-APP-62255-8GB,8GB,103,ES0000170000040,Ke C - Tang 3 - O 8
Laptop & Desktop,Apple macbook-air-15-inch-m2-2023-,LAP-APP-62255-8GB,8GB,103,ES0000170000041,Ke C - Tang 3 - O 8
Laptop & Desktop,Apple macbook-air-15-inch-m2-2023-,LAP-APP-62255-8GB,8GB,103,ES0000170000042,Ke C - Tang 3 - O 8
Laptop & Desktop,Apple macbook-air-15-inch-m2-2023-,LAP-APP-62255-8GB,8GB,103,ES0000170000043,Ke C - Tang 3 - O 8
Laptop & Desktop,Apple macbook-air-15-inch-m2-2023-,LAP-APP-62255-8GB,8GB,103,ES0000170000044,Ke C - Tang 3 - O 8
Laptop & Desktop,Apple macbook-air-15-inch-m2-2023-,LAP-APP-62255-8GB,8GB,103,ES0000170000045,Ke C - Tang 3 - O 8
Laptop & Desktop,Apple macbook-air-15-inch-m2-2023-,LAP-APP-62255-8GB,8GB,103,ES0000170000046,Ke C - Tang 3 - O 8
Laptop & Desktop,Apple macbook-air-15-inch-m2-2023-,LAP-APP-62255-8GB,8GB,103,ES0000170000047,Ke C - Tang 3 - O 8
Laptop & Desktop,Apple macbook-air-15-inch-m2-2023-,LAP-APP-62255-8GB,8GB,103,ES0000170000048,Ke C - Tang 3 - O 8
Laptop & Desktop,Apple macbook-air-15-inch-m2-2023-,LAP-APP-62255-8GB,8GB,103,ES0000170000049,Ke C - Tang 3 - O 8
Laptop & Desktop,Apple macbook-air-15-inch-m2-2023-,LAP-APP-62255-8GB,8GB,103,ES0000170000050,Ke C - Tang 3 - O 8
Laptop & Desktop,Apple macbook-air-15-inch-m2-2023-,LAP-APP-62255-8GB,8GB,103,ES0000170000051,Ke C - Tang 3 - O 8
Laptop & Desktop,Apple macbook-air-15-inch-m2-2023-,LAP-APP-62255-8GB,8GB,103,ES0000170000052,Ke C - Tang 3 - O 8
Laptop & Desktop,Apple macbook-air-15-inch-m2-2023-,LAP-APP-62255-8GB,8GB,103,ES0000170000053,Ke C - Tang 3 - O 8
Laptop & Desktop,Apple macbook-air-15-inch-m2-2023-,LAP-APP-62255-8GB,8GB,103,ES0000170000054,Ke C - Tang 3 - O 8
Laptop & Desktop,Apple macbook-air-15-inch-m2-2023-,LAP-APP-62255-8GB,8GB,103,ES0000170000055,Ke C - Tang 3 - O 8
Laptop & Desktop,Apple macbook-air-15-inch-m2-2023-,LAP-APP-62255-8GB,8GB,103,ES0000170000056,Ke C - Tang 3 - O 8
Laptop & Desktop,Apple macbook-air-15-inch-m2-2023-,LAP-APP-62255-8GB,8GB,103,ES0000170000057,Ke C - Tang 3 - O 8
Laptop & Desktop,Apple macbook-air-15-inch-m2-2023-,LAP-APP-62255-8GB,8GB,103,ES0000170000058,Ke C - Tang 3 - O 8
Laptop & Desktop,Apple macbook-air-15-inch-m2-2023-,LAP-APP-62255-8GB,8GB,103,ES0000170000059,Ke C - Tang 3 - O 8
Laptop & Desktop,Apple macbook-air-15-inch-m2-2023-,LAP-APP-62255-8GB,8GB,103,ES0000170000060,Ke C - Tang 3 - O 8
Laptop & Desktop,Apple macbook-air-15-inch-m2-2023-,LAP-APP-62255-8GB,8GB,103,ES0000170000061,Ke C - Tang 3 - O 8
Laptop & Desktop,Apple macbook-air-15-inch-m2-2023-,LAP-APP-62255-8GB,8GB,103,ES0000170000062,Ke C - Tang 3 - O 8
Laptop & Desktop,Apple macbook-air-15-inch-m2-2023-,LAP-APP-62255-8GB,8GB,103,ES0000170000063,Ke C - Tang 3 - O 8
Laptop & Desktop,Apple macbook-air-15-inch-m2-2023-,LAP-APP-62255-8GB,8GB,103,ES0000170000064,Ke C - Tang 3 - O 8
Laptop & Desktop,Apple macbook-air-15-inch-m2-2023-,LAP-APP-62255-8GB,8GB,103,ES0000170000065,Ke C - Tang 3 - O 8
Laptop & Desktop,Apple macbook-air-15-inch-m2-2023-,LAP-APP-62255-8GB,8GB,103,ES0000170000066,Ke C - Tang 3 - O 8
Laptop & Desktop,Apple macbook-air-15-inch-m2-2023-,LAP-APP-62255-8GB,8GB,103,ES0000170000067,Ke C - Tang 3 - O 8
Laptop & Desktop,Apple macbook-air-15-inch-m2-2023-,LAP-APP-62255-8GB,8GB,103,ES0000170000068,Ke C - Tang 3 - O 8
Laptop & Desktop,Apple macbook-air-15-inch-m2-2023-,LAP-APP-62255-8GB,8GB,103,ES0000170000069,Ke C - Tang 3 - O 8
Laptop & Desktop,Apple macbook-air-15-inch-m2-2023-,LAP-APP-62255-8GB,8GB,103,ES0000170000070,Ke C - Tang 3 - O 8
Laptop & Desktop,Apple macbook-air-15-inch-m2-2023-,LAP-APP-62255-8GB,8GB,103,ES0000170000071,Ke C - Tang 3 - O 8
Laptop & Desktop,Apple macbook-air-15-inch-m2-2023-,LAP-APP-62255-8GB,8GB,103,ES0000170000072,Ke C - Tang 3 - O 8
Laptop & Desktop,Apple macbook-air-15-inch-m2-2023-,LAP-APP-62255-8GB,8GB,103,ES0000170000073,Ke C - Tang 3 - O 8
Laptop & Desktop,Apple macbook-air-15-inch-m2-2023-,LAP-APP-62255-8GB,8GB,103,ES0000170000074,Ke C - Tang 3 - O 8
Laptop & Desktop,Apple macbook-air-15-inch-m2-2023-,LAP-APP-62255-8GB,8GB,103,ES0000170000075,Ke C - Tang 3 - O 8
Laptop & Desktop,Apple macbook-air-15-inch-m2-2023-,LAP-APP-62255-8GB,8GB,103,ES0000170000076,Ke C - Tang 3 - O 8
Laptop & Desktop,Apple macbook-air-15-inch-m2-2023-,LAP-APP-62255-8GB,8GB,103,ES0000170000077,Ke C - Tang 3 - O 8
Laptop & Desktop,Apple macbook-air-15-inch-m2-2023-,LAP-APP-62255-8GB,8GB,103,ES0000170000078,Ke C - Tang 3 - O 8
Laptop & Desktop,Apple macbook-air-15-inch-m2-2023-,LAP-APP-62255-8GB,8GB,103,ES0000170000079,Ke C - Tang 3 - O 8
Laptop & Desktop,Apple macbook-air-15-inch-m2-2023-,LAP-APP-62255-8GB,8GB,103,ES0000170000080,Ke C - Tang 3 - O 8
Laptop & Desktop,Apple macbook-air-15-inch-m2-2023-,LAP-APP-62255-8GB,8GB,103,ES0000170000081,Ke C - Tang 3 - O 8
Laptop & Desktop,Apple macbook-air-15-inch-m2-2023-,LAP-APP-62255-8GB,8GB,103,ES0000170000082,Ke C - Tang 3 - O 8
Laptop & Desktop,Apple macbook-air-15-inch-m2-2023-,LAP-APP-62255-8GB,8GB,103,ES0000170000083,Ke C - Tang 3 - O 8
Laptop & Desktop,Apple macbook-air-15-inch-m2-2023-,LAP-APP-62255-8GB,8GB,103,ES0000170000084,Ke C - Tang 3 - O 8
Laptop & Desktop,Apple macbook-air-15-inch-m2-2023-,LAP-APP-62255-8GB,8GB,103,ES0000170000085,Ke C - Tang 3 - O 8
Laptop & Desktop,Apple macbook-air-15-inch-m2-2023-,LAP-APP-62255-8GB,8GB,103,ES0000170000086,Ke C - Tang 3 - O 8
Laptop & Desktop,Apple macbook-air-15-inch-m2-2023-,LAP-APP-62255-8GB,8GB,103,ES0000170000087,Ke C - Tang 3 - O 8
Laptop & Desktop,Apple macbook-air-15-inch-m2-2023-,LAP-APP-62255-8GB,8GB,103,ES0000170000088,Ke C - Tang 3 - O 8
Laptop & Desktop,Apple macbook-air-15-inch-m2-2023-,LAP-APP-62255-8GB,8GB,103,ES0000170000089,Ke C - Tang 3 - O 8
Laptop & Desktop,Apple macbook-air-15-inch-m2-2023-,LAP-APP-62255-8GB,8GB,103,ES0000170000090,Ke C - Tang 3 - O 8
Laptop & Desktop,Apple macbook-air-15-inch-m2-2023-,LAP-APP-62255-8GB,8GB,103,ES0000170000091,Ke C - Tang 3 - O 8
Laptop & Desktop,Apple macbook-air-15-inch-m2-2023-,LAP-APP-62255-8GB,8GB,103,ES0000170000092,Ke C - Tang 3 - O 8
Laptop & Desktop,Apple macbook-air-15-inch-m2-2023-,LAP-APP-62255-8GB,8GB,103,ES0000170000093,Ke C - Tang 3 - O 8
Laptop & Desktop,Apple macbook-air-15-inch-m2-2023-,LAP-APP-62255-8GB,8GB,103,ES0000170000094,Ke C - Tang 3 - O 8
Laptop & Desktop,Apple macbook-air-15-inch-m2-2023-,LAP-APP-62255-8GB,8GB,103,ES0000170000095,Ke C - Tang 3 - O 8
Laptop & Desktop,Apple macbook-air-15-inch-m2-2023-,LAP-APP-62255-8GB,8GB,103,ES0000170000096,Ke C - Tang 3 - O 8
Laptop & Desktop,Apple macbook-air-15-inch-m2-2023-,LAP-APP-62255-8GB,8GB,103,ES0000170000097,Ke C - Tang 3 - O 8
Laptop & Desktop,Apple macbook-air-15-inch-m2-2023-,LAP-APP-64321-32GB,32GB,50,ES0000190000001,Ke B - Tang 2 - O 10
Laptop & Desktop,Apple macbook-air-15-inch-m2-2023-,LAP-APP-64321-32GB,32GB,50,ES0000190000002,Ke B - Tang 2 - O 10
Laptop & Desktop,Apple macbook-air-15-inch-m2-2023-,LAP-APP-64321-32GB,32GB,50,ES0000190000003,Ke B - Tang 2 - O 10
Laptop & Desktop,Apple macbook-air-15-inch-m2-2023-,LAP-APP-64321-32GB,32GB,50,ES0000190000004,Ke B - Tang 2 - O 10
Laptop & Desktop,Apple macbook-air-15-inch-m2-2023-,LAP-APP-64321-32GB,32GB,50,ES0000190000005,Ke B - Tang 2 - O 10
Laptop & Desktop,Apple macbook-air-15-inch-m2-2023-,LAP-APP-64321-32GB,32GB,50,ES0000190000006,Ke B - Tang 2 - O 10
Laptop & Desktop,Apple macbook-air-15-inch-m2-2023-,LAP-APP-64321-32GB,32GB,50,ES0000190000007,Ke B - Tang 2 - O 10
Laptop & Desktop,Apple macbook-air-15-inch-m2-2023-,LAP-APP-64321-32GB,32GB,50,ES0000190000008,Ke B - Tang 2 - O 10
Laptop & Desktop,Apple macbook-air-15-inch-m2-2023-,LAP-APP-64321-32GB,32GB,50,ES0000190000009,Ke B - Tang 2 - O 10
Laptop & Desktop,Apple macbook-air-15-inch-m2-2023-,LAP-APP-64321-32GB,32GB,50,ES0000190000010,Ke B - Tang 2 - O 10
Laptop & Desktop,Apple macbook-air-15-inch-m2-2023-,LAP-APP-64321-32GB,32GB,50,ES0000190000011,Ke B - Tang 2 - O 10
Laptop & Desktop,Apple macbook-air-15-inch-m2-2023-,LAP-APP-64321-32GB,32GB,50,ES0000190000012,Ke B - Tang 2 - O 10
Laptop & Desktop,Apple macbook-air-15-inch-m2-2023-,LAP-APP-64321-32GB,32GB,50,ES0000190000013,Ke B - Tang 2 - O 10
Laptop & Desktop,Apple macbook-air-15-inch-m2-2023-,LAP-APP-64321-32GB,32GB,50,ES0000190000014,Ke B - Tang 2 - O 10
Laptop & Desktop,Apple macbook-air-15-inch-m2-2023-,LAP-APP-64321-32GB,32GB,50,ES0000190000015,Ke B - Tang 2 - O 10
Laptop & Desktop,Apple macbook-air-15-inch-m2-2023-,LAP-APP-64321-32GB,32GB,50,ES0000190000016,Ke B - Tang 2 - O 10
Laptop & Desktop,Apple macbook-air-15-inch-m2-2023-,LAP-APP-64321-32GB,32GB,50,ES0000190000017,Ke B - Tang 2 - O 10
Laptop & Desktop,Apple macbook-air-15-inch-m2-2023-,LAP-APP-64321-32GB,32GB,50,ES0000190000018,Ke B - Tang 2 - O 10
Laptop & Desktop,Apple macbook-air-15-inch-m2-2023-,LAP-APP-64321-32GB,32GB,50,ES0000190000019,Ke B - Tang 2 - O 10
Laptop & Desktop,Apple macbook-air-15-inch-m2-2023-,LAP-APP-64321-32GB,32GB,50,ES0000190000020,Ke B - Tang 2 - O 10
Laptop & Desktop,Apple macbook-air-15-inch-m2-2023-,LAP-APP-64321-32GB,32GB,50,ES0000190000021,Ke B - Tang 2 - O 10
Laptop & Desktop,Apple macbook-air-15-inch-m2-2023-,LAP-APP-64321-32GB,32GB,50,ES0000190000022,Ke B - Tang 2 - O 10
Laptop & Desktop,Apple macbook-air-15-inch-m2-2023-,LAP-APP-64321-32GB,32GB,50,ES0000190000023,Ke B - Tang 2 - O 10
Laptop & Desktop,Apple macbook-air-15-inch-m2-2023-,LAP-APP-64321-32GB,32GB,50,ES0000190000024,Ke B - Tang 2 - O 10
Laptop & Desktop,Apple macbook-air-15-inch-m2-2023-,LAP-APP-64321-32GB,32GB,50,ES0000190000025,Ke B - Tang 2 - O 10
Laptop & Desktop,Apple macbook-air-15-inch-m2-2023-,LAP-APP-64321-32GB,32GB,50,ES0000190000026,Ke B - Tang 2 - O 10
Laptop & Desktop,Apple macbook-air-15-inch-m2-2023-,LAP-APP-64321-32GB,32GB,50,ES0000190000027,Ke B - Tang 2 - O 10
Laptop & Desktop,Apple macbook-air-15-inch-m2-2023-,LAP-APP-64321-32GB,32GB,50,ES0000190000028,Ke B - Tang 2 - O 10
Laptop & Desktop,Apple macbook-air-15-inch-m2-2023-,LAP-APP-64321-32GB,32GB,50,ES0000190000029,Ke B - Tang 2 - O 10
Laptop & Desktop,Apple macbook-air-15-inch-m2-2023-,LAP-APP-64321-32GB,32GB,50,ES0000190000030,Ke B - Tang 2 - O 10
Laptop & Desktop,Apple macbook-air-15-inch-m2-2023-,LAP-APP-64321-32GB,32GB,50,ES0000190000031,Ke B - Tang 2 - O 10
Laptop & Desktop,Apple macbook-air-15-inch-m2-2023-,LAP-APP-64321-32GB,32GB,50,ES0000190000032,Ke B - Tang 2 - O 10
Laptop & Desktop,Apple macbook-air-15-inch-m2-2023-,LAP-APP-64321-32GB,32GB,50,ES0000190000033,Ke B - Tang 2 - O 10
Laptop & Desktop,Apple macbook-air-15-inch-m2-2023-,LAP-APP-64321-32GB,32GB,50,ES0000190000034,Ke B - Tang 2 - O 10
Laptop & Desktop,Apple macbook-air-15-inch-m2-2023-,LAP-APP-64321-32GB,32GB,50,ES0000190000035,Ke B - Tang 2 - O 10
Laptop & Desktop,Apple macbook-air-15-inch-m2-2023-,LAP-APP-64321-32GB,32GB,50,ES0000190000036,Ke B - Tang 2 - O 10
Laptop & Desktop,Apple macbook-air-15-inch-m2-2023-,LAP-APP-64321-32GB,32GB,50,ES0000190000037,Ke B - Tang 2 - O 10
Laptop & Desktop,Apple macbook-air-15-inch-m2-2023-,LAP-APP-64321-32GB,32GB,50,ES0000190000038,Ke B - Tang 2 - O 10
Laptop & Desktop,Apple macbook-air-15-inch-m2-2023-,LAP-APP-64321-32GB,32GB,50,ES0000190000039,Ke B - Tang 2 - O 10
Laptop & Desktop,Apple macbook-air-15-inch-m2-2023-,LAP-APP-64321-32GB,32GB,50,ES0000190000040,Ke B - Tang 2 - O 10
Laptop & Desktop,Apple macbook-air-15-inch-m2-2023-,LAP-APP-64321-32GB,32GB,50,ES0000190000041,Ke B - Tang 2 - O 10
Laptop & Desktop,Apple macbook-air-15-inch-m2-2023-,LAP-APP-64321-32GB,32GB,50,ES0000190000042,Ke B - Tang 2 - O 10
Laptop & Desktop,Apple macbook-air-15-inch-m2-2023-,LAP-APP-64321-32GB,32GB,50,ES0000190000043,Ke B - Tang 2 - O 10
Laptop & Desktop,Apple macbook-air-15-inch-m2-2023-,LAP-APP-64321-32GB,32GB,50,ES0000190000044,Ke B - Tang 2 - O 10
Laptop & Desktop,Apple macbook-air-15-inch-m2-2023-,LAP-APP-64321-32GB,32GB,50,ES0000190000045,Ke B - Tang 2 - O 10
Laptop & Desktop,Apple macbook-air-15-inch-m2-2023-,LAP-APP-64321-32GB,32GB,50,ES0000190000046,Ke B - Tang 2 - O 10
Laptop & Desktop,Apple macbook-air-15-inch-m2-2023-,LAP-APP-64321-32GB,32GB,50,ES0000190000047,Ke B - Tang 2 - O 10
Laptop & Desktop,Apple macbook-air-15-inch-m2-2023-,LAP-APP-64321-32GB,32GB,50,ES0000190000048,Ke B - Tang 2 - O 10
Laptop & Desktop,Apple macbook-air-15-inch-m2-2023-,LAP-APP-64321-32GB,32GB,50,ES0000190000049,Ke B - Tang 2 - O 10
Laptop & Desktop,Apple macbook-air-15-inch-m2-2023-,LAP-APP-64321-32GB,32GB,50,ES0000190000050,Ke B - Tang 2 - O 10
Laptop & Desktop,Apple macbook-air-m,LAP-APP-11490-8GB,8GB,50,ES0000200000001,Ke C - Tang 3 - O 1
Laptop & Desktop,Apple macbook-air-m,LAP-APP-11490-8GB,8GB,50,ES0000200000002,Ke C - Tang 3 - O 1
Laptop & Desktop,Apple macbook-air-m,LAP-APP-11490-8GB,8GB,50,ES0000200000003,Ke C - Tang 3 - O 1
Laptop & Desktop,Apple macbook-air-m,LAP-APP-11490-8GB,8GB,50,ES0000200000004,Ke C - Tang 3 - O 1
Laptop & Desktop,Apple macbook-air-m,LAP-APP-11490-8GB,8GB,50,ES0000200000005,Ke C - Tang 3 - O 1
Laptop & Desktop,Apple macbook-air-m,LAP-APP-11490-8GB,8GB,50,ES0000200000006,Ke C - Tang 3 - O 1
Laptop & Desktop,Apple macbook-air-m,LAP-APP-11490-8GB,8GB,50,ES0000200000007,Ke C - Tang 3 - O 1
Laptop & Desktop,Apple macbook-air-m,LAP-APP-11490-8GB,8GB,50,ES0000200000008,Ke C - Tang 3 - O 1
Laptop & Desktop,Apple macbook-air-m,LAP-APP-11490-8GB,8GB,50,ES0000200000009,Ke C - Tang 3 - O 1
Laptop & Desktop,Apple macbook-air-m,LAP-APP-11490-8GB,8GB,50,ES0000200000010,Ke C - Tang 3 - O 1
Laptop & Desktop,Apple macbook-air-m,LAP-APP-11490-8GB,8GB,50,ES0000200000011,Ke C - Tang 3 - O 1
Laptop & Desktop,Apple macbook-air-m,LAP-APP-11490-8GB,8GB,50,ES0000200000012,Ke C - Tang 3 - O 1
Laptop & Desktop,Apple macbook-air-m,LAP-APP-11490-8GB,8GB,50,ES0000200000013,Ke C - Tang 3 - O 1
Laptop & Desktop,Apple macbook-air-m,LAP-APP-11490-8GB,8GB,50,ES0000200000014,Ke C - Tang 3 - O 1
Laptop & Desktop,Apple macbook-air-m,LAP-APP-11490-8GB,8GB,50,ES0000200000015,Ke C - Tang 3 - O 1
Laptop & Desktop,Apple macbook-air-m,LAP-APP-11490-8GB,8GB,50,ES0000200000016,Ke C - Tang 3 - O 1
Laptop & Desktop,Apple macbook-air-m,LAP-APP-11490-8GB,8GB,50,ES0000200000017,Ke C - Tang 3 - O 1
Laptop & Desktop,Apple macbook-air-m,LAP-APP-11490-8GB,8GB,50,ES0000200000018,Ke C - Tang 3 - O 1
Laptop & Desktop,Apple macbook-air-m,LAP-APP-11490-8GB,8GB,50,ES0000200000019,Ke C - Tang 3 - O 1
Laptop & Desktop,Apple macbook-air-m,LAP-APP-11490-8GB,8GB,50,ES0000200000020,Ke C - Tang 3 - O 1
Laptop & Desktop,Apple macbook-air-m,LAP-APP-11490-8GB,8GB,50,ES0000200000021,Ke C - Tang 3 - O 1
Laptop & Desktop,Apple macbook-air-m,LAP-APP-11490-8GB,8GB,50,ES0000200000022,Ke C - Tang 3 - O 1
Laptop & Desktop,Apple macbook-air-m,LAP-APP-11490-8GB,8GB,50,ES0000200000023,Ke C - Tang 3 - O 1
Laptop & Desktop,Apple macbook-air-m,LAP-APP-11490-8GB,8GB,50,ES0000200000024,Ke C - Tang 3 - O 1
Laptop & Desktop,Apple macbook-air-m,LAP-APP-11490-8GB,8GB,50,ES0000200000025,Ke C - Tang 3 - O 1
Laptop & Desktop,Apple macbook-air-m,LAP-APP-11490-8GB,8GB,50,ES0000200000026,Ke C - Tang 3 - O 1
Laptop & Desktop,Apple macbook-air-m,LAP-APP-11490-8GB,8GB,50,ES0000200000027,Ke C - Tang 3 - O 1
Laptop & Desktop,Apple macbook-air-m,LAP-APP-11490-8GB,8GB,50,ES0000200000028,Ke C - Tang 3 - O 1
Laptop & Desktop,Apple macbook-air-m,LAP-APP-11490-8GB,8GB,50,ES0000200000029,Ke C - Tang 3 - O 1
Laptop & Desktop,Apple macbook-air-m,LAP-APP-11490-8GB,8GB,50,ES0000200000030,Ke C - Tang 3 - O 1
Laptop & Desktop,Apple macbook-air-m,LAP-APP-11490-8GB,8GB,50,ES0000200000031,Ke C - Tang 3 - O 1
Laptop & Desktop,Apple macbook-air-m,LAP-APP-11490-8GB,8GB,50,ES0000200000032,Ke C - Tang 3 - O 1
Laptop & Desktop,Apple macbook-air-m,LAP-APP-11490-8GB,8GB,50,ES0000200000033,Ke C - Tang 3 - O 1
Laptop & Desktop,Apple macbook-air-m,LAP-APP-11490-8GB,8GB,50,ES0000200000034,Ke C - Tang 3 - O 1
Laptop & Desktop,Apple macbook-air-m,LAP-APP-11490-8GB,8GB,50,ES0000200000035,Ke C - Tang 3 - O 1
Laptop & Desktop,Apple macbook-air-m,LAP-APP-11490-8GB,8GB,50,ES0000200000036,Ke C - Tang 3 - O 1
Laptop & Desktop,Apple macbook-air-m,LAP-APP-11490-8GB,8GB,50,ES0000200000037,Ke C - Tang 3 - O 1
Laptop & Desktop,Apple macbook-air-m,LAP-APP-11490-8GB,8GB,50,ES0000200000038,Ke C - Tang 3 - O 1
Laptop & Desktop,Apple macbook-air-m,LAP-APP-11490-8GB,8GB,50,ES0000200000039,Ke C - Tang 3 - O 1
Laptop & Desktop,Apple macbook-air-m,LAP-APP-11490-8GB,8GB,50,ES0000200000040,Ke C - Tang 3 - O 1
Laptop & Desktop,Apple macbook-air-m,LAP-APP-11490-8GB,8GB,50,ES0000200000041,Ke C - Tang 3 - O 1
Laptop & Desktop,Apple macbook-air-m,LAP-APP-11490-8GB,8GB,50,ES0000200000042,Ke C - Tang 3 - O 1
Laptop & Desktop,Apple macbook-air-m,LAP-APP-11490-8GB,8GB,50,ES0000200000043,Ke C - Tang 3 - O 1
Laptop & Desktop,Apple macbook-air-m,LAP-APP-11490-8GB,8GB,50,ES0000200000044,Ke C - Tang 3 - O 1
Laptop & Desktop,Apple macbook-air-m,LAP-APP-11490-8GB,8GB,50,ES0000200000045,Ke C - Tang 3 - O 1
Laptop & Desktop,Apple macbook-air-m,LAP-APP-11490-8GB,8GB,50,ES0000200000046,Ke C - Tang 3 - O 1
Laptop & Desktop,Apple macbook-air-m,LAP-APP-11490-8GB,8GB,50,ES0000200000047,Ke C - Tang 3 - O 1
Laptop & Desktop,Apple macbook-air-m,LAP-APP-11490-8GB,8GB,50,ES0000200000048,Ke C - Tang 3 - O 1
Laptop & Desktop,Apple macbook-air-m,LAP-APP-11490-8GB,8GB,50,ES0000200000049,Ke C - Tang 3 - O 1
Laptop & Desktop,Apple macbook-air-m,LAP-APP-11490-8GB,8GB,50,ES0000200000050,Ke C - Tang 3 - O 1
Laptop & Desktop,Apple macbook-air-m,LAP-APP-22573-32GB,32GB,50,ES0000220000001,Ke B - Tang 2 - O 3
Laptop & Desktop,Apple macbook-air-m,LAP-APP-22573-32GB,32GB,50,ES0000220000002,Ke B - Tang 2 - O 3
Laptop & Desktop,Apple macbook-air-m,LAP-APP-22573-32GB,32GB,50,ES0000220000003,Ke B - Tang 2 - O 3
Laptop & Desktop,Apple macbook-air-m,LAP-APP-22573-32GB,32GB,50,ES0000220000004,Ke B - Tang 2 - O 3
Laptop & Desktop,Apple macbook-air-m,LAP-APP-22573-32GB,32GB,50,ES0000220000005,Ke B - Tang 2 - O 3
Laptop & Desktop,Apple macbook-air-m,LAP-APP-22573-32GB,32GB,50,ES0000220000006,Ke B - Tang 2 - O 3
Laptop & Desktop,Apple macbook-air-m,LAP-APP-22573-32GB,32GB,50,ES0000220000007,Ke B - Tang 2 - O 3
Laptop & Desktop,Apple macbook-air-m,LAP-APP-22573-32GB,32GB,50,ES0000220000008,Ke B - Tang 2 - O 3
Laptop & Desktop,Apple macbook-air-m,LAP-APP-22573-32GB,32GB,50,ES0000220000009,Ke B - Tang 2 - O 3
Laptop & Desktop,Apple macbook-air-m,LAP-APP-22573-32GB,32GB,50,ES0000220000010,Ke B - Tang 2 - O 3
Laptop & Desktop,Apple macbook-air-m,LAP-APP-22573-32GB,32GB,50,ES0000220000011,Ke B - Tang 2 - O 3
Laptop & Desktop,Apple macbook-air-m,LAP-APP-22573-32GB,32GB,50,ES0000220000012,Ke B - Tang 2 - O 3
Laptop & Desktop,Apple macbook-air-m,LAP-APP-22573-32GB,32GB,50,ES0000220000013,Ke B - Tang 2 - O 3
Laptop & Desktop,Apple macbook-air-m,LAP-APP-22573-32GB,32GB,50,ES0000220000014,Ke B - Tang 2 - O 3
Laptop & Desktop,Apple macbook-air-m,LAP-APP-22573-32GB,32GB,50,ES0000220000015,Ke B - Tang 2 - O 3
Laptop & Desktop,Apple macbook-air-m,LAP-APP-22573-32GB,32GB,50,ES0000220000016,Ke B - Tang 2 - O 3
Laptop & Desktop,Apple macbook-air-m,LAP-APP-22573-32GB,32GB,50,ES0000220000017,Ke B - Tang 2 - O 3
Laptop & Desktop,Apple macbook-air-m,LAP-APP-22573-32GB,32GB,50,ES0000220000018,Ke B - Tang 2 - O 3
Laptop & Desktop,Apple macbook-air-m,LAP-APP-22573-32GB,32GB,50,ES0000220000019,Ke B - Tang 2 - O 3
Laptop & Desktop,Apple macbook-air-m,LAP-APP-22573-32GB,32GB,50,ES0000220000020,Ke B - Tang 2 - O 3
Laptop & Desktop,Apple macbook-air-m,LAP-APP-22573-32GB,32GB,50,ES0000220000021,Ke B - Tang 2 - O 3
Laptop & Desktop,Apple macbook-air-m,LAP-APP-22573-32GB,32GB,50,ES0000220000022,Ke B - Tang 2 - O 3
Laptop & Desktop,Apple macbook-air-m,LAP-APP-22573-32GB,32GB,50,ES0000220000023,Ke B - Tang 2 - O 3
Laptop & Desktop,Apple macbook-air-m,LAP-APP-22573-32GB,32GB,50,ES0000220000024,Ke B - Tang 2 - O 3
Laptop & Desktop,Apple macbook-air-m,LAP-APP-22573-32GB,32GB,50,ES0000220000025,Ke B - Tang 2 - O 3
Laptop & Desktop,Apple macbook-air-m,LAP-APP-22573-32GB,32GB,50,ES0000220000026,Ke B - Tang 2 - O 3
Laptop & Desktop,Apple macbook-air-m,LAP-APP-22573-32GB,32GB,50,ES0000220000027,Ke B - Tang 2 - O 3
Laptop & Desktop,Apple macbook-air-m,LAP-APP-22573-32GB,32GB,50,ES0000220000028,Ke B - Tang 2 - O 3
Laptop & Desktop,Apple macbook-air-m,LAP-APP-22573-32GB,32GB,50,ES0000220000029,Ke B - Tang 2 - O 3
Laptop & Desktop,Apple macbook-air-m,LAP-APP-22573-32GB,32GB,50,ES0000220000030,Ke B - Tang 2 - O 3
Laptop & Desktop,Apple macbook-air-m,LAP-APP-22573-32GB,32GB,50,ES0000220000031,Ke B - Tang 2 - O 3
Laptop & Desktop,Apple macbook-air-m,LAP-APP-22573-32GB,32GB,50,ES0000220000032,Ke B - Tang 2 - O 3
Laptop & Desktop,Apple macbook-air-m,LAP-APP-22573-32GB,32GB,50,ES0000220000033,Ke B - Tang 2 - O 3
Laptop & Desktop,Apple macbook-air-m,LAP-APP-22573-32GB,32GB,50,ES0000220000034,Ke B - Tang 2 - O 3
Laptop & Desktop,Apple macbook-air-m,LAP-APP-22573-32GB,32GB,50,ES0000220000035,Ke B - Tang 2 - O 3
Laptop & Desktop,Apple macbook-air-m,LAP-APP-22573-32GB,32GB,50,ES0000220000036,Ke B - Tang 2 - O 3
Laptop & Desktop,Apple macbook-air-m,LAP-APP-22573-32GB,32GB,50,ES0000220000037,Ke B - Tang 2 - O 3
Laptop & Desktop,Apple macbook-air-m,LAP-APP-22573-32GB,32GB,50,ES0000220000038,Ke B - Tang 2 - O 3
Laptop & Desktop,Apple macbook-air-m,LAP-APP-22573-32GB,32GB,50,ES0000220000039,Ke B - Tang 2 - O 3
Laptop & Desktop,Apple macbook-air-m,LAP-APP-22573-32GB,32GB,50,ES0000220000040,Ke B - Tang 2 - O 3
Laptop & Desktop,Apple macbook-air-m,LAP-APP-22573-32GB,32GB,50,ES0000220000041,Ke B - Tang 2 - O 3
Laptop & Desktop,Apple macbook-air-m,LAP-APP-22573-32GB,32GB,50,ES0000220000042,Ke B - Tang 2 - O 3
Laptop & Desktop,Apple macbook-air-m,LAP-APP-22573-32GB,32GB,50,ES0000220000043,Ke B - Tang 2 - O 3
Laptop & Desktop,Apple macbook-air-m,LAP-APP-22573-32GB,32GB,50,ES0000220000044,Ke B - Tang 2 - O 3
Laptop & Desktop,Apple macbook-air-m,LAP-APP-22573-32GB,32GB,50,ES0000220000045,Ke B - Tang 2 - O 3
Laptop & Desktop,Apple macbook-air-m,LAP-APP-22573-32GB,32GB,50,ES0000220000046,Ke B - Tang 2 - O 3
Laptop & Desktop,Apple macbook-air-m,LAP-APP-22573-32GB,32GB,50,ES0000220000047,Ke B - Tang 2 - O 3
Laptop & Desktop,Apple macbook-air-m,LAP-APP-22573-32GB,32GB,50,ES0000220000048,Ke B - Tang 2 - O 3
Laptop & Desktop,Apple macbook-air-m,LAP-APP-22573-32GB,32GB,50,ES0000220000049,Ke B - Tang 2 - O 3
Laptop & Desktop,Apple macbook-air-m,LAP-APP-22573-32GB,32GB,50,ES0000220000050,Ke B - Tang 2 - O 3
Laptop & Desktop,Apple macbook-air-m,LAP-APP-48348-16GB,16GB,50,ES0000210000001,Ke A - Tang 1 - O 2
Laptop & Desktop,Apple macbook-air-m,LAP-APP-48348-16GB,16GB,50,ES0000210000002,Ke A - Tang 1 - O 2
Laptop & Desktop,Apple macbook-air-m,LAP-APP-48348-16GB,16GB,50,ES0000210000003,Ke A - Tang 1 - O 2
Laptop & Desktop,Apple macbook-air-m,LAP-APP-48348-16GB,16GB,50,ES0000210000004,Ke A - Tang 1 - O 2
Laptop & Desktop,Apple macbook-air-m,LAP-APP-48348-16GB,16GB,50,ES0000210000005,Ke A - Tang 1 - O 2
Laptop & Desktop,Apple macbook-air-m,LAP-APP-48348-16GB,16GB,50,ES0000210000006,Ke A - Tang 1 - O 2
Laptop & Desktop,Apple macbook-air-m,LAP-APP-48348-16GB,16GB,50,ES0000210000007,Ke A - Tang 1 - O 2
Laptop & Desktop,Apple macbook-air-m,LAP-APP-48348-16GB,16GB,50,ES0000210000008,Ke A - Tang 1 - O 2
Laptop & Desktop,Apple macbook-air-m,LAP-APP-48348-16GB,16GB,50,ES0000210000009,Ke A - Tang 1 - O 2
Laptop & Desktop,Apple macbook-air-m,LAP-APP-48348-16GB,16GB,50,ES0000210000010,Ke A - Tang 1 - O 2
Laptop & Desktop,Apple macbook-air-m,LAP-APP-48348-16GB,16GB,50,ES0000210000011,Ke A - Tang 1 - O 2
Laptop & Desktop,Apple macbook-air-m,LAP-APP-48348-16GB,16GB,50,ES0000210000012,Ke A - Tang 1 - O 2
Laptop & Desktop,Apple macbook-air-m,LAP-APP-48348-16GB,16GB,50,ES0000210000013,Ke A - Tang 1 - O 2
Laptop & Desktop,Apple macbook-air-m,LAP-APP-48348-16GB,16GB,50,ES0000210000014,Ke A - Tang 1 - O 2
Laptop & Desktop,Apple macbook-air-m,LAP-APP-48348-16GB,16GB,50,ES0000210000015,Ke A - Tang 1 - O 2
Laptop & Desktop,Apple macbook-air-m,LAP-APP-48348-16GB,16GB,50,ES0000210000016,Ke A - Tang 1 - O 2
Laptop & Desktop,Apple macbook-air-m,LAP-APP-48348-16GB,16GB,50,ES0000210000017,Ke A - Tang 1 - O 2
Laptop & Desktop,Apple macbook-air-m,LAP-APP-48348-16GB,16GB,50,ES0000210000018,Ke A - Tang 1 - O 2
Laptop & Desktop,Apple macbook-air-m,LAP-APP-48348-16GB,16GB,50,ES0000210000019,Ke A - Tang 1 - O 2
Laptop & Desktop,Apple macbook-air-m,LAP-APP-48348-16GB,16GB,50,ES0000210000020,Ke A - Tang 1 - O 2
Laptop & Desktop,Apple macbook-air-m,LAP-APP-48348-16GB,16GB,50,ES0000210000021,Ke A - Tang 1 - O 2
Laptop & Desktop,Apple macbook-air-m,LAP-APP-48348-16GB,16GB,50,ES0000210000022,Ke A - Tang 1 - O 2
Laptop & Desktop,Apple macbook-air-m,LAP-APP-48348-16GB,16GB,50,ES0000210000023,Ke A - Tang 1 - O 2
Laptop & Desktop,Apple macbook-air-m,LAP-APP-48348-16GB,16GB,50,ES0000210000024,Ke A - Tang 1 - O 2
Laptop & Desktop,Apple macbook-air-m,LAP-APP-48348-16GB,16GB,50,ES0000210000025,Ke A - Tang 1 - O 2
Laptop & Desktop,Apple macbook-air-m,LAP-APP-48348-16GB,16GB,50,ES0000210000026,Ke A - Tang 1 - O 2
Laptop & Desktop,Apple macbook-air-m,LAP-APP-48348-16GB,16GB,50,ES0000210000027,Ke A - Tang 1 - O 2
Laptop & Desktop,Apple macbook-air-m,LAP-APP-48348-16GB,16GB,50,ES0000210000028,Ke A - Tang 1 - O 2
Laptop & Desktop,Apple macbook-air-m,LAP-APP-48348-16GB,16GB,50,ES0000210000029,Ke A - Tang 1 - O 2
Laptop & Desktop,Apple macbook-air-m,LAP-APP-48348-16GB,16GB,50,ES0000210000030,Ke A - Tang 1 - O 2
Laptop & Desktop,Apple macbook-air-m,LAP-APP-48348-16GB,16GB,50,ES0000210000031,Ke A - Tang 1 - O 2
Laptop & Desktop,Apple macbook-air-m,LAP-APP-48348-16GB,16GB,50,ES0000210000032,Ke A - Tang 1 - O 2
Laptop & Desktop,Apple macbook-air-m,LAP-APP-48348-16GB,16GB,50,ES0000210000033,Ke A - Tang 1 - O 2
Laptop & Desktop,Apple macbook-air-m,LAP-APP-48348-16GB,16GB,50,ES0000210000034,Ke A - Tang 1 - O 2
Laptop & Desktop,Apple macbook-air-m,LAP-APP-48348-16GB,16GB,50,ES0000210000035,Ke A - Tang 1 - O 2
Laptop & Desktop,Apple macbook-air-m,LAP-APP-48348-16GB,16GB,50,ES0000210000036,Ke A - Tang 1 - O 2
Laptop & Desktop,Apple macbook-air-m,LAP-APP-48348-16GB,16GB,50,ES0000210000037,Ke A - Tang 1 - O 2
Laptop & Desktop,Apple macbook-air-m,LAP-APP-48348-16GB,16GB,50,ES0000210000038,Ke A - Tang 1 - O 2
Laptop & Desktop,Apple macbook-air-m,LAP-APP-48348-16GB,16GB,50,ES0000210000039,Ke A - Tang 1 - O 2
Laptop & Desktop,Apple macbook-air-m,LAP-APP-48348-16GB,16GB,50,ES0000210000040,Ke A - Tang 1 - O 2
Laptop & Desktop,Apple macbook-air-m,LAP-APP-48348-16GB,16GB,50,ES0000210000041,Ke A - Tang 1 - O 2
Laptop & Desktop,Apple macbook-air-m,LAP-APP-48348-16GB,16GB,50,ES0000210000042,Ke A - Tang 1 - O 2
Laptop & Desktop,Apple macbook-air-m,LAP-APP-48348-16GB,16GB,50,ES0000210000043,Ke A - Tang 1 - O 2
Laptop & Desktop,Apple macbook-air-m,LAP-APP-48348-16GB,16GB,50,ES0000210000044,Ke A - Tang 1 - O 2
Laptop & Desktop,Apple macbook-air-m,LAP-APP-48348-16GB,16GB,50,ES0000210000045,Ke A - Tang 1 - O 2
Laptop & Desktop,Apple macbook-air-m,LAP-APP-48348-16GB,16GB,50,ES0000210000046,Ke A - Tang 1 - O 2
Laptop & Desktop,Apple macbook-air-m,LAP-APP-48348-16GB,16GB,50,ES0000210000047,Ke A - Tang 1 - O 2
Laptop & Desktop,Apple macbook-air-m,LAP-APP-48348-16GB,16GB,50,ES0000210000048,Ke A - Tang 1 - O 2
Laptop & Desktop,Apple macbook-air-m,LAP-APP-48348-16GB,16GB,50,ES0000210000049,Ke A - Tang 1 - O 2
Laptop & Desktop,Apple macbook-air-m,LAP-APP-48348-16GB,16GB,50,ES0000210000050,Ke A - Tang 1 - O 2
Laptop & Desktop,Apple macbook-pro-14-inch-m3-pro-2023-1-,LAP-APP-10941-8GB,8GB,50,ES0000230000001,Ke C - Tang 3 - O 4
Laptop & Desktop,Apple macbook-pro-14-inch-m3-pro-2023-1-,LAP-APP-10941-8GB,8GB,50,ES0000230000002,Ke C - Tang 3 - O 4
Laptop & Desktop,Apple macbook-pro-14-inch-m3-pro-2023-1-,LAP-APP-10941-8GB,8GB,50,ES0000230000003,Ke C - Tang 3 - O 4
Laptop & Desktop,Apple macbook-pro-14-inch-m3-pro-2023-1-,LAP-APP-10941-8GB,8GB,50,ES0000230000004,Ke C - Tang 3 - O 4
Laptop & Desktop,Apple macbook-pro-14-inch-m3-pro-2023-1-,LAP-APP-10941-8GB,8GB,50,ES0000230000005,Ke C - Tang 3 - O 4
Laptop & Desktop,Apple macbook-pro-14-inch-m3-pro-2023-1-,LAP-APP-10941-8GB,8GB,50,ES0000230000006,Ke C - Tang 3 - O 4
Laptop & Desktop,Apple macbook-pro-14-inch-m3-pro-2023-1-,LAP-APP-10941-8GB,8GB,50,ES0000230000007,Ke C - Tang 3 - O 4
Laptop & Desktop,Apple macbook-pro-14-inch-m3-pro-2023-1-,LAP-APP-10941-8GB,8GB,50,ES0000230000008,Ke C - Tang 3 - O 4
Laptop & Desktop,Apple macbook-pro-14-inch-m3-pro-2023-1-,LAP-APP-10941-8GB,8GB,50,ES0000230000009,Ke C - Tang 3 - O 4
Laptop & Desktop,Apple macbook-pro-14-inch-m3-pro-2023-1-,LAP-APP-10941-8GB,8GB,50,ES0000230000010,Ke C - Tang 3 - O 4
Laptop & Desktop,Apple macbook-pro-14-inch-m3-pro-2023-1-,LAP-APP-10941-8GB,8GB,50,ES0000230000011,Ke C - Tang 3 - O 4
Laptop & Desktop,Apple macbook-pro-14-inch-m3-pro-2023-1-,LAP-APP-10941-8GB,8GB,50,ES0000230000012,Ke C - Tang 3 - O 4
Laptop & Desktop,Apple macbook-pro-14-inch-m3-pro-2023-1-,LAP-APP-10941-8GB,8GB,50,ES0000230000013,Ke C - Tang 3 - O 4
Laptop & Desktop,Apple macbook-pro-14-inch-m3-pro-2023-1-,LAP-APP-10941-8GB,8GB,50,ES0000230000014,Ke C - Tang 3 - O 4
Laptop & Desktop,Apple macbook-pro-14-inch-m3-pro-2023-1-,LAP-APP-10941-8GB,8GB,50,ES0000230000015,Ke C - Tang 3 - O 4
Laptop & Desktop,Apple macbook-pro-14-inch-m3-pro-2023-1-,LAP-APP-10941-8GB,8GB,50,ES0000230000016,Ke C - Tang 3 - O 4
Laptop & Desktop,Apple macbook-pro-14-inch-m3-pro-2023-1-,LAP-APP-10941-8GB,8GB,50,ES0000230000017,Ke C - Tang 3 - O 4
Laptop & Desktop,Apple macbook-pro-14-inch-m3-pro-2023-1-,LAP-APP-10941-8GB,8GB,50,ES0000230000018,Ke C - Tang 3 - O 4
Laptop & Desktop,Apple macbook-pro-14-inch-m3-pro-2023-1-,LAP-APP-10941-8GB,8GB,50,ES0000230000019,Ke C - Tang 3 - O 4
Laptop & Desktop,Apple macbook-pro-14-inch-m3-pro-2023-1-,LAP-APP-10941-8GB,8GB,50,ES0000230000020,Ke C - Tang 3 - O 4
Laptop & Desktop,Apple macbook-pro-14-inch-m3-pro-2023-1-,LAP-APP-10941-8GB,8GB,50,ES0000230000021,Ke C - Tang 3 - O 4
Laptop & Desktop,Apple macbook-pro-14-inch-m3-pro-2023-1-,LAP-APP-10941-8GB,8GB,50,ES0000230000022,Ke C - Tang 3 - O 4
Laptop & Desktop,Apple macbook-pro-14-inch-m3-pro-2023-1-,LAP-APP-10941-8GB,8GB,50,ES0000230000023,Ke C - Tang 3 - O 4
Laptop & Desktop,Apple macbook-pro-14-inch-m3-pro-2023-1-,LAP-APP-10941-8GB,8GB,50,ES0000230000024,Ke C - Tang 3 - O 4
Laptop & Desktop,Apple macbook-pro-14-inch-m3-pro-2023-1-,LAP-APP-10941-8GB,8GB,50,ES0000230000025,Ke C - Tang 3 - O 4
Laptop & Desktop,Apple macbook-pro-14-inch-m3-pro-2023-1-,LAP-APP-10941-8GB,8GB,50,ES0000230000026,Ke C - Tang 3 - O 4
Laptop & Desktop,Apple macbook-pro-14-inch-m3-pro-2023-1-,LAP-APP-10941-8GB,8GB,50,ES0000230000027,Ke C - Tang 3 - O 4
Laptop & Desktop,Apple macbook-pro-14-inch-m3-pro-2023-1-,LAP-APP-10941-8GB,8GB,50,ES0000230000028,Ke C - Tang 3 - O 4
Laptop & Desktop,Apple macbook-pro-14-inch-m3-pro-2023-1-,LAP-APP-10941-8GB,8GB,50,ES0000230000029,Ke C - Tang 3 - O 4
Laptop & Desktop,Apple macbook-pro-14-inch-m3-pro-2023-1-,LAP-APP-10941-8GB,8GB,50,ES0000230000030,Ke C - Tang 3 - O 4
Laptop & Desktop,Apple macbook-pro-14-inch-m3-pro-2023-1-,LAP-APP-10941-8GB,8GB,50,ES0000230000031,Ke C - Tang 3 - O 4
Laptop & Desktop,Apple macbook-pro-14-inch-m3-pro-2023-1-,LAP-APP-10941-8GB,8GB,50,ES0000230000032,Ke C - Tang 3 - O 4
Laptop & Desktop,Apple macbook-pro-14-inch-m3-pro-2023-1-,LAP-APP-10941-8GB,8GB,50,ES0000230000033,Ke C - Tang 3 - O 4
Laptop & Desktop,Apple macbook-pro-14-inch-m3-pro-2023-1-,LAP-APP-10941-8GB,8GB,50,ES0000230000034,Ke C - Tang 3 - O 4
Laptop & Desktop,Apple macbook-pro-14-inch-m3-pro-2023-1-,LAP-APP-10941-8GB,8GB,50,ES0000230000035,Ke C - Tang 3 - O 4
Laptop & Desktop,Apple macbook-pro-14-inch-m3-pro-2023-1-,LAP-APP-10941-8GB,8GB,50,ES0000230000036,Ke C - Tang 3 - O 4
Laptop & Desktop,Apple macbook-pro-14-inch-m3-pro-2023-1-,LAP-APP-10941-8GB,8GB,50,ES0000230000037,Ke C - Tang 3 - O 4
Laptop & Desktop,Apple macbook-pro-14-inch-m3-pro-2023-1-,LAP-APP-10941-8GB,8GB,50,ES0000230000038,Ke C - Tang 3 - O 4
Laptop & Desktop,Apple macbook-pro-14-inch-m3-pro-2023-1-,LAP-APP-10941-8GB,8GB,50,ES0000230000039,Ke C - Tang 3 - O 4
Laptop & Desktop,Apple macbook-pro-14-inch-m3-pro-2023-1-,LAP-APP-10941-8GB,8GB,50,ES0000230000040,Ke C - Tang 3 - O 4
Laptop & Desktop,Apple macbook-pro-14-inch-m3-pro-2023-1-,LAP-APP-10941-8GB,8GB,50,ES0000230000041,Ke C - Tang 3 - O 4
Laptop & Desktop,Apple macbook-pro-14-inch-m3-pro-2023-1-,LAP-APP-10941-8GB,8GB,50,ES0000230000042,Ke C - Tang 3 - O 4
Laptop & Desktop,Apple macbook-pro-14-inch-m3-pro-2023-1-,LAP-APP-10941-8GB,8GB,50,ES0000230000043,Ke C - Tang 3 - O 4
Laptop & Desktop,Apple macbook-pro-14-inch-m3-pro-2023-1-,LAP-APP-10941-8GB,8GB,50,ES0000230000044,Ke C - Tang 3 - O 4
Laptop & Desktop,Apple macbook-pro-14-inch-m3-pro-2023-1-,LAP-APP-10941-8GB,8GB,50,ES0000230000045,Ke C - Tang 3 - O 4
Laptop & Desktop,Apple macbook-pro-14-inch-m3-pro-2023-1-,LAP-APP-10941-8GB,8GB,50,ES0000230000046,Ke C - Tang 3 - O 4
Laptop & Desktop,Apple macbook-pro-14-inch-m3-pro-2023-1-,LAP-APP-10941-8GB,8GB,50,ES0000230000047,Ke C - Tang 3 - O 4
Laptop & Desktop,Apple macbook-pro-14-inch-m3-pro-2023-1-,LAP-APP-10941-8GB,8GB,50,ES0000230000048,Ke C - Tang 3 - O 4
Laptop & Desktop,Apple macbook-pro-14-inch-m3-pro-2023-1-,LAP-APP-10941-8GB,8GB,50,ES0000230000049,Ke C - Tang 3 - O 4
Laptop & Desktop,Apple macbook-pro-14-inch-m3-pro-2023-1-,LAP-APP-10941-8GB,8GB,50,ES0000230000050,Ke C - Tang 3 - O 4
Laptop & Desktop,Apple macbook-pro-14-inch-m3-pro-2023-1-,LAP-APP-23435-32GB,32GB,50,ES0000250000001,Ke B - Tang 2 - O 6
Laptop & Desktop,Apple macbook-pro-14-inch-m3-pro-2023-1-,LAP-APP-23435-32GB,32GB,50,ES0000250000002,Ke B - Tang 2 - O 6
Laptop & Desktop,Apple macbook-pro-14-inch-m3-pro-2023-1-,LAP-APP-23435-32GB,32GB,50,ES0000250000003,Ke B - Tang 2 - O 6
Laptop & Desktop,Apple macbook-pro-14-inch-m3-pro-2023-1-,LAP-APP-23435-32GB,32GB,50,ES0000250000004,Ke B - Tang 2 - O 6
Laptop & Desktop,Apple macbook-pro-14-inch-m3-pro-2023-1-,LAP-APP-23435-32GB,32GB,50,ES0000250000005,Ke B - Tang 2 - O 6
Laptop & Desktop,Apple macbook-pro-14-inch-m3-pro-2023-1-,LAP-APP-23435-32GB,32GB,50,ES0000250000006,Ke B - Tang 2 - O 6
Laptop & Desktop,Apple macbook-pro-14-inch-m3-pro-2023-1-,LAP-APP-23435-32GB,32GB,50,ES0000250000007,Ke B - Tang 2 - O 6
Laptop & Desktop,Apple macbook-pro-14-inch-m3-pro-2023-1-,LAP-APP-23435-32GB,32GB,50,ES0000250000008,Ke B - Tang 2 - O 6
Laptop & Desktop,Apple macbook-pro-14-inch-m3-pro-2023-1-,LAP-APP-23435-32GB,32GB,50,ES0000250000009,Ke B - Tang 2 - O 6
Laptop & Desktop,Apple macbook-pro-14-inch-m3-pro-2023-1-,LAP-APP-23435-32GB,32GB,50,ES0000250000010,Ke B - Tang 2 - O 6
Laptop & Desktop,Apple macbook-pro-14-inch-m3-pro-2023-1-,LAP-APP-23435-32GB,32GB,50,ES0000250000011,Ke B - Tang 2 - O 6
Laptop & Desktop,Apple macbook-pro-14-inch-m3-pro-2023-1-,LAP-APP-23435-32GB,32GB,50,ES0000250000012,Ke B - Tang 2 - O 6
Laptop & Desktop,Apple macbook-pro-14-inch-m3-pro-2023-1-,LAP-APP-23435-32GB,32GB,50,ES0000250000013,Ke B - Tang 2 - O 6
Laptop & Desktop,Apple macbook-pro-14-inch-m3-pro-2023-1-,LAP-APP-23435-32GB,32GB,50,ES0000250000014,Ke B - Tang 2 - O 6
Laptop & Desktop,Apple macbook-pro-14-inch-m3-pro-2023-1-,LAP-APP-23435-32GB,32GB,50,ES0000250000015,Ke B - Tang 2 - O 6
Laptop & Desktop,Apple macbook-pro-14-inch-m3-pro-2023-1-,LAP-APP-23435-32GB,32GB,50,ES0000250000016,Ke B - Tang 2 - O 6
Laptop & Desktop,Apple macbook-pro-14-inch-m3-pro-2023-1-,LAP-APP-23435-32GB,32GB,50,ES0000250000017,Ke B - Tang 2 - O 6
Laptop & Desktop,Apple macbook-pro-14-inch-m3-pro-2023-1-,LAP-APP-23435-32GB,32GB,50,ES0000250000018,Ke B - Tang 2 - O 6
Laptop & Desktop,Apple macbook-pro-14-inch-m3-pro-2023-1-,LAP-APP-23435-32GB,32GB,50,ES0000250000019,Ke B - Tang 2 - O 6
Laptop & Desktop,Apple macbook-pro-14-inch-m3-pro-2023-1-,LAP-APP-23435-32GB,32GB,50,ES0000250000020,Ke B - Tang 2 - O 6
Laptop & Desktop,Apple macbook-pro-14-inch-m3-pro-2023-1-,LAP-APP-23435-32GB,32GB,50,ES0000250000021,Ke B - Tang 2 - O 6
Laptop & Desktop,Apple macbook-pro-14-inch-m3-pro-2023-1-,LAP-APP-23435-32GB,32GB,50,ES0000250000022,Ke B - Tang 2 - O 6
Laptop & Desktop,Apple macbook-pro-14-inch-m3-pro-2023-1-,LAP-APP-23435-32GB,32GB,50,ES0000250000023,Ke B - Tang 2 - O 6
Laptop & Desktop,Apple macbook-pro-14-inch-m3-pro-2023-1-,LAP-APP-23435-32GB,32GB,50,ES0000250000024,Ke B - Tang 2 - O 6
Laptop & Desktop,Apple macbook-pro-14-inch-m3-pro-2023-1-,LAP-APP-23435-32GB,32GB,50,ES0000250000025,Ke B - Tang 2 - O 6
Laptop & Desktop,Apple macbook-pro-14-inch-m3-pro-2023-1-,LAP-APP-23435-32GB,32GB,50,ES0000250000026,Ke B - Tang 2 - O 6
Laptop & Desktop,Apple macbook-pro-14-inch-m3-pro-2023-1-,LAP-APP-23435-32GB,32GB,50,ES0000250000027,Ke B - Tang 2 - O 6
Laptop & Desktop,Apple macbook-pro-14-inch-m3-pro-2023-1-,LAP-APP-23435-32GB,32GB,50,ES0000250000028,Ke B - Tang 2 - O 6
Laptop & Desktop,Apple macbook-pro-14-inch-m3-pro-2023-1-,LAP-APP-23435-32GB,32GB,50,ES0000250000029,Ke B - Tang 2 - O 6
Laptop & Desktop,Apple macbook-pro-14-inch-m3-pro-2023-1-,LAP-APP-23435-32GB,32GB,50,ES0000250000030,Ke B - Tang 2 - O 6
Laptop & Desktop,Apple macbook-pro-14-inch-m3-pro-2023-1-,LAP-APP-23435-32GB,32GB,50,ES0000250000031,Ke B - Tang 2 - O 6
Laptop & Desktop,Apple macbook-pro-14-inch-m3-pro-2023-1-,LAP-APP-23435-32GB,32GB,50,ES0000250000032,Ke B - Tang 2 - O 6
Laptop & Desktop,Apple macbook-pro-14-inch-m3-pro-2023-1-,LAP-APP-23435-32GB,32GB,50,ES0000250000033,Ke B - Tang 2 - O 6
Laptop & Desktop,Apple macbook-pro-14-inch-m3-pro-2023-1-,LAP-APP-23435-32GB,32GB,50,ES0000250000034,Ke B - Tang 2 - O 6
Laptop & Desktop,Apple macbook-pro-14-inch-m3-pro-2023-1-,LAP-APP-23435-32GB,32GB,50,ES0000250000035,Ke B - Tang 2 - O 6
Laptop & Desktop,Apple macbook-pro-14-inch-m3-pro-2023-1-,LAP-APP-23435-32GB,32GB,50,ES0000250000036,Ke B - Tang 2 - O 6
Laptop & Desktop,Apple macbook-pro-14-inch-m3-pro-2023-1-,LAP-APP-23435-32GB,32GB,50,ES0000250000037,Ke B - Tang 2 - O 6
Laptop & Desktop,Apple macbook-pro-14-inch-m3-pro-2023-1-,LAP-APP-23435-32GB,32GB,50,ES0000250000038,Ke B - Tang 2 - O 6
Laptop & Desktop,Apple macbook-pro-14-inch-m3-pro-2023-1-,LAP-APP-23435-32GB,32GB,50,ES0000250000039,Ke B - Tang 2 - O 6
Laptop & Desktop,Apple macbook-pro-14-inch-m3-pro-2023-1-,LAP-APP-23435-32GB,32GB,50,ES0000250000040,Ke B - Tang 2 - O 6
Laptop & Desktop,Apple macbook-pro-14-inch-m3-pro-2023-1-,LAP-APP-23435-32GB,32GB,50,ES0000250000041,Ke B - Tang 2 - O 6
Laptop & Desktop,Apple macbook-pro-14-inch-m3-pro-2023-1-,LAP-APP-23435-32GB,32GB,50,ES0000250000042,Ke B - Tang 2 - O 6
Laptop & Desktop,Apple macbook-pro-14-inch-m3-pro-2023-1-,LAP-APP-23435-32GB,32GB,50,ES0000250000043,Ke B - Tang 2 - O 6
Laptop & Desktop,Apple macbook-pro-14-inch-m3-pro-2023-1-,LAP-APP-23435-32GB,32GB,50,ES0000250000044,Ke B - Tang 2 - O 6
Laptop & Desktop,Apple macbook-pro-14-inch-m3-pro-2023-1-,LAP-APP-23435-32GB,32GB,50,ES0000250000045,Ke B - Tang 2 - O 6
Laptop & Desktop,Apple macbook-pro-14-inch-m3-pro-2023-1-,LAP-APP-23435-32GB,32GB,50,ES0000250000046,Ke B - Tang 2 - O 6
Laptop & Desktop,Apple macbook-pro-14-inch-m3-pro-2023-1-,LAP-APP-23435-32GB,32GB,50,ES0000250000047,Ke B - Tang 2 - O 6
Laptop & Desktop,Apple macbook-pro-14-inch-m3-pro-2023-1-,LAP-APP-23435-32GB,32GB,50,ES0000250000048,Ke B - Tang 2 - O 6
Laptop & Desktop,Apple macbook-pro-14-inch-m3-pro-2023-1-,LAP-APP-23435-32GB,32GB,50,ES0000250000049,Ke B - Tang 2 - O 6
Laptop & Desktop,Apple macbook-pro-14-inch-m3-pro-2023-1-,LAP-APP-23435-32GB,32GB,50,ES0000250000050,Ke B - Tang 2 - O 6
Laptop & Desktop,Apple macbook-pro-14-inch-m3-pro-2023-1-,LAP-APP-27069-16GB,16GB,50,ES0000240000001,Ke A - Tang 1 - O 5
Laptop & Desktop,Apple macbook-pro-14-inch-m3-pro-2023-1-,LAP-APP-27069-16GB,16GB,50,ES0000240000002,Ke A - Tang 1 - O 5
Laptop & Desktop,Apple macbook-pro-14-inch-m3-pro-2023-1-,LAP-APP-27069-16GB,16GB,50,ES0000240000003,Ke A - Tang 1 - O 5
Laptop & Desktop,Apple macbook-pro-14-inch-m3-pro-2023-1-,LAP-APP-27069-16GB,16GB,50,ES0000240000004,Ke A - Tang 1 - O 5
Laptop & Desktop,Apple macbook-pro-14-inch-m3-pro-2023-1-,LAP-APP-27069-16GB,16GB,50,ES0000240000005,Ke A - Tang 1 - O 5
Laptop & Desktop,Apple macbook-pro-14-inch-m3-pro-2023-1-,LAP-APP-27069-16GB,16GB,50,ES0000240000006,Ke A - Tang 1 - O 5
Laptop & Desktop,Apple macbook-pro-14-inch-m3-pro-2023-1-,LAP-APP-27069-16GB,16GB,50,ES0000240000007,Ke A - Tang 1 - O 5
Laptop & Desktop,Apple macbook-pro-14-inch-m3-pro-2023-1-,LAP-APP-27069-16GB,16GB,50,ES0000240000008,Ke A - Tang 1 - O 5
Laptop & Desktop,Apple macbook-pro-14-inch-m3-pro-2023-1-,LAP-APP-27069-16GB,16GB,50,ES0000240000009,Ke A - Tang 1 - O 5
Laptop & Desktop,Apple macbook-pro-14-inch-m3-pro-2023-1-,LAP-APP-27069-16GB,16GB,50,ES0000240000010,Ke A - Tang 1 - O 5
Laptop & Desktop,Apple macbook-pro-14-inch-m3-pro-2023-1-,LAP-APP-27069-16GB,16GB,50,ES0000240000011,Ke A - Tang 1 - O 5
Laptop & Desktop,Apple macbook-pro-14-inch-m3-pro-2023-1-,LAP-APP-27069-16GB,16GB,50,ES0000240000012,Ke A - Tang 1 - O 5
Laptop & Desktop,Apple macbook-pro-14-inch-m3-pro-2023-1-,LAP-APP-27069-16GB,16GB,50,ES0000240000013,Ke A - Tang 1 - O 5
Laptop & Desktop,Apple macbook-pro-14-inch-m3-pro-2023-1-,LAP-APP-27069-16GB,16GB,50,ES0000240000014,Ke A - Tang 1 - O 5
Laptop & Desktop,Apple macbook-pro-14-inch-m3-pro-2023-1-,LAP-APP-27069-16GB,16GB,50,ES0000240000015,Ke A - Tang 1 - O 5
Laptop & Desktop,Apple macbook-pro-14-inch-m3-pro-2023-1-,LAP-APP-27069-16GB,16GB,50,ES0000240000016,Ke A - Tang 1 - O 5
Laptop & Desktop,Apple macbook-pro-14-inch-m3-pro-2023-1-,LAP-APP-27069-16GB,16GB,50,ES0000240000017,Ke A - Tang 1 - O 5
Laptop & Desktop,Apple macbook-pro-14-inch-m3-pro-2023-1-,LAP-APP-27069-16GB,16GB,50,ES0000240000018,Ke A - Tang 1 - O 5
Laptop & Desktop,Apple macbook-pro-14-inch-m3-pro-2023-1-,LAP-APP-27069-16GB,16GB,50,ES0000240000019,Ke A - Tang 1 - O 5
Laptop & Desktop,Apple macbook-pro-14-inch-m3-pro-2023-1-,LAP-APP-27069-16GB,16GB,50,ES0000240000020,Ke A - Tang 1 - O 5
Laptop & Desktop,Apple macbook-pro-14-inch-m3-pro-2023-1-,LAP-APP-27069-16GB,16GB,50,ES0000240000021,Ke A - Tang 1 - O 5
Laptop & Desktop,Apple macbook-pro-14-inch-m3-pro-2023-1-,LAP-APP-27069-16GB,16GB,50,ES0000240000022,Ke A - Tang 1 - O 5
Laptop & Desktop,Apple macbook-pro-14-inch-m3-pro-2023-1-,LAP-APP-27069-16GB,16GB,50,ES0000240000023,Ke A - Tang 1 - O 5
Laptop & Desktop,Apple macbook-pro-14-inch-m3-pro-2023-1-,LAP-APP-27069-16GB,16GB,50,ES0000240000024,Ke A - Tang 1 - O 5
Laptop & Desktop,Apple macbook-pro-14-inch-m3-pro-2023-1-,LAP-APP-27069-16GB,16GB,50,ES0000240000025,Ke A - Tang 1 - O 5
Laptop & Desktop,Apple macbook-pro-14-inch-m3-pro-2023-1-,LAP-APP-27069-16GB,16GB,50,ES0000240000026,Ke A - Tang 1 - O 5
Laptop & Desktop,Apple macbook-pro-14-inch-m3-pro-2023-1-,LAP-APP-27069-16GB,16GB,50,ES0000240000027,Ke A - Tang 1 - O 5
Laptop & Desktop,Apple macbook-pro-14-inch-m3-pro-2023-1-,LAP-APP-27069-16GB,16GB,50,ES0000240000028,Ke A - Tang 1 - O 5
Laptop & Desktop,Apple macbook-pro-14-inch-m3-pro-2023-1-,LAP-APP-27069-16GB,16GB,50,ES0000240000029,Ke A - Tang 1 - O 5
Laptop & Desktop,Apple macbook-pro-14-inch-m3-pro-2023-1-,LAP-APP-27069-16GB,16GB,50,ES0000240000030,Ke A - Tang 1 - O 5
Laptop & Desktop,Apple macbook-pro-14-inch-m3-pro-2023-1-,LAP-APP-27069-16GB,16GB,50,ES0000240000031,Ke A - Tang 1 - O 5
Laptop & Desktop,Apple macbook-pro-14-inch-m3-pro-2023-1-,LAP-APP-27069-16GB,16GB,50,ES0000240000032,Ke A - Tang 1 - O 5
Laptop & Desktop,Apple macbook-pro-14-inch-m3-pro-2023-1-,LAP-APP-27069-16GB,16GB,50,ES0000240000033,Ke A - Tang 1 - O 5
Laptop & Desktop,Apple macbook-pro-14-inch-m3-pro-2023-1-,LAP-APP-27069-16GB,16GB,50,ES0000240000034,Ke A - Tang 1 - O 5
Laptop & Desktop,Apple macbook-pro-14-inch-m3-pro-2023-1-,LAP-APP-27069-16GB,16GB,50,ES0000240000035,Ke A - Tang 1 - O 5
Laptop & Desktop,Apple macbook-pro-14-inch-m3-pro-2023-1-,LAP-APP-27069-16GB,16GB,50,ES0000240000036,Ke A - Tang 1 - O 5
Laptop & Desktop,Apple macbook-pro-14-inch-m3-pro-2023-1-,LAP-APP-27069-16GB,16GB,50,ES0000240000037,Ke A - Tang 1 - O 5
Laptop & Desktop,Apple macbook-pro-14-inch-m3-pro-2023-1-,LAP-APP-27069-16GB,16GB,50,ES0000240000038,Ke A - Tang 1 - O 5
Laptop & Desktop,Apple macbook-pro-14-inch-m3-pro-2023-1-,LAP-APP-27069-16GB,16GB,50,ES0000240000039,Ke A - Tang 1 - O 5
Laptop & Desktop,Apple macbook-pro-14-inch-m3-pro-2023-1-,LAP-APP-27069-16GB,16GB,50,ES0000240000040,Ke A - Tang 1 - O 5
Laptop & Desktop,Apple macbook-pro-14-inch-m3-pro-2023-1-,LAP-APP-27069-16GB,16GB,50,ES0000240000041,Ke A - Tang 1 - O 5
Laptop & Desktop,Apple macbook-pro-14-inch-m3-pro-2023-1-,LAP-APP-27069-16GB,16GB,50,ES0000240000042,Ke A - Tang 1 - O 5
Laptop & Desktop,Apple macbook-pro-14-inch-m3-pro-2023-1-,LAP-APP-27069-16GB,16GB,50,ES0000240000043,Ke A - Tang 1 - O 5
Laptop & Desktop,Apple macbook-pro-14-inch-m3-pro-2023-1-,LAP-APP-27069-16GB,16GB,50,ES0000240000044,Ke A - Tang 1 - O 5
Laptop & Desktop,Apple macbook-pro-14-inch-m3-pro-2023-1-,LAP-APP-27069-16GB,16GB,50,ES0000240000045,Ke A - Tang 1 - O 5
Laptop & Desktop,Apple macbook-pro-14-inch-m3-pro-2023-1-,LAP-APP-27069-16GB,16GB,50,ES0000240000046,Ke A - Tang 1 - O 5
Laptop & Desktop,Apple macbook-pro-14-inch-m3-pro-2023-1-,LAP-APP-27069-16GB,16GB,50,ES0000240000047,Ke A - Tang 1 - O 5
Laptop & Desktop,Apple macbook-pro-14-inch-m3-pro-2023-1-,LAP-APP-27069-16GB,16GB,50,ES0000240000048,Ke A - Tang 1 - O 5
Laptop & Desktop,Apple macbook-pro-14-inch-m3-pro-2023-1-,LAP-APP-27069-16GB,16GB,50,ES0000240000049,Ke A - Tang 1 - O 5
Laptop & Desktop,Apple macbook-pro-14-inch-m3-pro-2023-1-,LAP-APP-27069-16GB,16GB,50,ES0000240000050,Ke A - Tang 1 - O 5
Laptop & Desktop,Apple macbook-pro-m,LAP-APP-15621-32GB,32GB,50,ES0000280000001,Ke B - Tang 2 - O 9
Laptop & Desktop,Apple macbook-pro-m,LAP-APP-15621-32GB,32GB,50,ES0000280000002,Ke B - Tang 2 - O 9
Laptop & Desktop,Apple macbook-pro-m,LAP-APP-15621-32GB,32GB,50,ES0000280000003,Ke B - Tang 2 - O 9
Laptop & Desktop,Apple macbook-pro-m,LAP-APP-15621-32GB,32GB,50,ES0000280000004,Ke B - Tang 2 - O 9
Laptop & Desktop,Apple macbook-pro-m,LAP-APP-15621-32GB,32GB,50,ES0000280000005,Ke B - Tang 2 - O 9
Laptop & Desktop,Apple macbook-pro-m,LAP-APP-15621-32GB,32GB,50,ES0000280000006,Ke B - Tang 2 - O 9
Laptop & Desktop,Apple macbook-pro-m,LAP-APP-15621-32GB,32GB,50,ES0000280000011,Ke B - Tang 2 - O 9
Laptop & Desktop,Apple macbook-pro-m,LAP-APP-15621-32GB,32GB,50,ES0000280000007,Ke B - Tang 2 - O 9
Laptop & Desktop,Apple macbook-pro-m,LAP-APP-15621-32GB,32GB,50,ES0000280000008,Ke B - Tang 2 - O 9
Laptop & Desktop,Apple macbook-pro-m,LAP-APP-15621-32GB,32GB,50,ES0000280000009,Ke B - Tang 2 - O 9
Laptop & Desktop,Apple macbook-pro-m,LAP-APP-15621-32GB,32GB,50,ES0000280000010,Ke B - Tang 2 - O 9
Laptop & Desktop,Apple macbook-pro-m,LAP-APP-15621-32GB,32GB,50,ES0000280000012,Ke B - Tang 2 - O 9
Laptop & Desktop,Apple macbook-pro-m,LAP-APP-15621-32GB,32GB,50,ES0000280000013,Ke B - Tang 2 - O 9
Laptop & Desktop,Apple macbook-pro-m,LAP-APP-15621-32GB,32GB,50,ES0000280000014,Ke B - Tang 2 - O 9
Laptop & Desktop,Apple macbook-pro-m,LAP-APP-15621-32GB,32GB,50,ES0000280000015,Ke B - Tang 2 - O 9
Laptop & Desktop,Apple macbook-pro-m,LAP-APP-15621-32GB,32GB,50,ES0000280000016,Ke B - Tang 2 - O 9
Laptop & Desktop,Apple macbook-pro-m,LAP-APP-15621-32GB,32GB,50,ES0000280000024,Ke B - Tang 2 - O 9
Laptop & Desktop,Apple macbook-pro-m,LAP-APP-15621-32GB,32GB,50,ES0000280000021,Ke B - Tang 2 - O 9
Laptop & Desktop,Apple macbook-pro-m,LAP-APP-15621-32GB,32GB,50,ES0000280000022,Ke B - Tang 2 - O 9
Laptop & Desktop,Apple macbook-pro-m,LAP-APP-15621-32GB,32GB,50,ES0000280000023,Ke B - Tang 2 - O 9
Laptop & Desktop,Apple macbook-pro-m,LAP-APP-15621-32GB,32GB,50,ES0000280000025,Ke B - Tang 2 - O 9
Laptop & Desktop,Apple macbook-pro-m,LAP-APP-15621-32GB,32GB,50,ES0000280000017,Ke B - Tang 2 - O 9
Laptop & Desktop,Apple macbook-pro-m,LAP-APP-15621-32GB,32GB,50,ES0000280000018,Ke B - Tang 2 - O 9
Laptop & Desktop,Apple macbook-pro-m,LAP-APP-15621-32GB,32GB,50,ES0000280000019,Ke B - Tang 2 - O 9
Laptop & Desktop,Apple macbook-pro-m,LAP-APP-15621-32GB,32GB,50,ES0000280000020,Ke B - Tang 2 - O 9
Laptop & Desktop,Apple macbook-pro-m,LAP-APP-15621-32GB,32GB,50,ES0000280000026,Ke B - Tang 2 - O 9
Laptop & Desktop,Apple macbook-pro-m,LAP-APP-15621-32GB,32GB,50,ES0000280000033,Ke B - Tang 2 - O 9
Laptop & Desktop,Apple macbook-pro-m,LAP-APP-15621-32GB,32GB,50,ES0000280000036,Ke B - Tang 2 - O 9
Laptop & Desktop,Apple macbook-pro-m,LAP-APP-15621-32GB,32GB,50,ES0000280000035,Ke B - Tang 2 - O 9
Laptop & Desktop,Apple macbook-pro-m,LAP-APP-15621-32GB,32GB,50,ES0000280000034,Ke B - Tang 2 - O 9
Laptop & Desktop,Apple macbook-pro-m,LAP-APP-15621-32GB,32GB,50,ES0000280000032,Ke B - Tang 2 - O 9
Laptop & Desktop,Apple macbook-pro-m,LAP-APP-15621-32GB,32GB,50,ES0000280000031,Ke B - Tang 2 - O 9
Laptop & Desktop,Apple macbook-pro-m,LAP-APP-15621-32GB,32GB,50,ES0000280000030,Ke B - Tang 2 - O 9
Laptop & Desktop,Apple macbook-pro-m,LAP-APP-15621-32GB,32GB,50,ES0000280000029,Ke B - Tang 2 - O 9
Laptop & Desktop,Apple macbook-pro-m,LAP-APP-15621-32GB,32GB,50,ES0000280000028,Ke B - Tang 2 - O 9
Laptop & Desktop,Apple macbook-pro-m,LAP-APP-15621-32GB,32GB,50,ES0000280000027,Ke B - Tang 2 - O 9
Laptop & Desktop,Apple macbook-pro-m,LAP-APP-15621-32GB,32GB,50,ES0000280000037,Ke B - Tang 2 - O 9
Laptop & Desktop,Apple macbook-pro-m,LAP-APP-15621-32GB,32GB,50,ES0000280000046,Ke B - Tang 2 - O 9
Laptop & Desktop,Apple macbook-pro-m,LAP-APP-15621-32GB,32GB,50,ES0000280000045,Ke B - Tang 2 - O 9
Laptop & Desktop,Apple macbook-pro-m,LAP-APP-15621-32GB,32GB,50,ES0000280000044,Ke B - Tang 2 - O 9
Laptop & Desktop,Apple macbook-pro-m,LAP-APP-15621-32GB,32GB,50,ES0000280000043,Ke B - Tang 2 - O 9
Laptop & Desktop,Apple macbook-pro-m,LAP-APP-15621-32GB,32GB,50,ES0000280000042,Ke B - Tang 2 - O 9
Laptop & Desktop,Apple macbook-pro-m,LAP-APP-15621-32GB,32GB,50,ES0000280000041,Ke B - Tang 2 - O 9
Laptop & Desktop,Apple macbook-pro-m,LAP-APP-15621-32GB,32GB,50,ES0000280000040,Ke B - Tang 2 - O 9
Laptop & Desktop,Apple macbook-pro-m,LAP-APP-15621-32GB,32GB,50,ES0000280000039,Ke B - Tang 2 - O 9
Laptop & Desktop,Apple macbook-pro-m,LAP-APP-15621-32GB,32GB,50,ES0000280000038,Ke B - Tang 2 - O 9
Laptop & Desktop,Apple macbook-pro-m,LAP-APP-15621-32GB,32GB,50,ES0000280000050,Ke B - Tang 2 - O 9
Laptop & Desktop,Apple macbook-pro-m,LAP-APP-15621-32GB,32GB,50,ES0000280000047,Ke B - Tang 2 - O 9
Laptop & Desktop,Apple macbook-pro-m,LAP-APP-15621-32GB,32GB,50,ES0000280000048,Ke B - Tang 2 - O 9
Laptop & Desktop,Apple macbook-pro-m,LAP-APP-15621-32GB,32GB,50,ES0000280000049,Ke B - Tang 2 - O 9
Laptop & Desktop,Apple macbook-pro-m,LAP-APP-46185-8GB,8GB,50,ES0000260000001,Ke C - Tang 3 - O 7
Laptop & Desktop,Apple macbook-pro-m,LAP-APP-46185-8GB,8GB,50,ES0000260000002,Ke C - Tang 3 - O 7
Laptop & Desktop,Apple macbook-pro-m,LAP-APP-46185-8GB,8GB,50,ES0000260000003,Ke C - Tang 3 - O 7
Laptop & Desktop,Apple macbook-pro-m,LAP-APP-46185-8GB,8GB,50,ES0000260000004,Ke C - Tang 3 - O 7
Laptop & Desktop,Apple macbook-pro-m,LAP-APP-46185-8GB,8GB,50,ES0000260000005,Ke C - Tang 3 - O 7
Laptop & Desktop,Apple macbook-pro-m,LAP-APP-46185-8GB,8GB,50,ES0000260000006,Ke C - Tang 3 - O 7
Laptop & Desktop,Apple macbook-pro-m,LAP-APP-46185-8GB,8GB,50,ES0000260000007,Ke C - Tang 3 - O 7
Laptop & Desktop,Apple macbook-pro-m,LAP-APP-46185-8GB,8GB,50,ES0000260000008,Ke C - Tang 3 - O 7
Laptop & Desktop,Apple macbook-pro-m,LAP-APP-46185-8GB,8GB,50,ES0000260000009,Ke C - Tang 3 - O 7
Laptop & Desktop,Apple macbook-pro-m,LAP-APP-46185-8GB,8GB,50,ES0000260000010,Ke C - Tang 3 - O 7
Laptop & Desktop,Apple macbook-pro-m,LAP-APP-46185-8GB,8GB,50,ES0000260000011,Ke C - Tang 3 - O 7
Laptop & Desktop,Apple macbook-pro-m,LAP-APP-46185-8GB,8GB,50,ES0000260000012,Ke C - Tang 3 - O 7
Laptop & Desktop,Apple macbook-pro-m,LAP-APP-46185-8GB,8GB,50,ES0000260000013,Ke C - Tang 3 - O 7
Laptop & Desktop,Apple macbook-pro-m,LAP-APP-46185-8GB,8GB,50,ES0000260000014,Ke C - Tang 3 - O 7
Laptop & Desktop,Apple macbook-pro-m,LAP-APP-46185-8GB,8GB,50,ES0000260000015,Ke C - Tang 3 - O 7
Laptop & Desktop,Apple macbook-pro-m,LAP-APP-46185-8GB,8GB,50,ES0000260000016,Ke C - Tang 3 - O 7
Laptop & Desktop,Apple macbook-pro-m,LAP-APP-46185-8GB,8GB,50,ES0000260000017,Ke C - Tang 3 - O 7
Laptop & Desktop,Apple macbook-pro-m,LAP-APP-46185-8GB,8GB,50,ES0000260000018,Ke C - Tang 3 - O 7
Laptop & Desktop,Apple macbook-pro-m,LAP-APP-46185-8GB,8GB,50,ES0000260000019,Ke C - Tang 3 - O 7
Laptop & Desktop,Apple macbook-pro-m,LAP-APP-46185-8GB,8GB,50,ES0000260000020,Ke C - Tang 3 - O 7
Laptop & Desktop,Apple macbook-pro-m,LAP-APP-46185-8GB,8GB,50,ES0000260000021,Ke C - Tang 3 - O 7
Laptop & Desktop,Apple macbook-pro-m,LAP-APP-46185-8GB,8GB,50,ES0000260000022,Ke C - Tang 3 - O 7
Laptop & Desktop,Apple macbook-pro-m,LAP-APP-46185-8GB,8GB,50,ES0000260000023,Ke C - Tang 3 - O 7
Laptop & Desktop,Apple macbook-pro-m,LAP-APP-46185-8GB,8GB,50,ES0000260000024,Ke C - Tang 3 - O 7
Laptop & Desktop,Apple macbook-pro-m,LAP-APP-46185-8GB,8GB,50,ES0000260000025,Ke C - Tang 3 - O 7
Laptop & Desktop,Apple macbook-pro-m,LAP-APP-46185-8GB,8GB,50,ES0000260000026,Ke C - Tang 3 - O 7
Laptop & Desktop,Apple macbook-pro-m,LAP-APP-46185-8GB,8GB,50,ES0000260000027,Ke C - Tang 3 - O 7
Laptop & Desktop,Apple macbook-pro-m,LAP-APP-46185-8GB,8GB,50,ES0000260000028,Ke C - Tang 3 - O 7
Laptop & Desktop,Apple macbook-pro-m,LAP-APP-46185-8GB,8GB,50,ES0000260000029,Ke C - Tang 3 - O 7
Laptop & Desktop,Apple macbook-pro-m,LAP-APP-46185-8GB,8GB,50,ES0000260000030,Ke C - Tang 3 - O 7
Laptop & Desktop,Apple macbook-pro-m,LAP-APP-46185-8GB,8GB,50,ES0000260000031,Ke C - Tang 3 - O 7
Laptop & Desktop,Apple macbook-pro-m,LAP-APP-46185-8GB,8GB,50,ES0000260000032,Ke C - Tang 3 - O 7
Laptop & Desktop,Apple macbook-pro-m,LAP-APP-46185-8GB,8GB,50,ES0000260000033,Ke C - Tang 3 - O 7
Laptop & Desktop,Apple macbook-pro-m,LAP-APP-46185-8GB,8GB,50,ES0000260000034,Ke C - Tang 3 - O 7
Laptop & Desktop,Apple macbook-pro-m,LAP-APP-46185-8GB,8GB,50,ES0000260000035,Ke C - Tang 3 - O 7
Laptop & Desktop,Apple macbook-pro-m,LAP-APP-46185-8GB,8GB,50,ES0000260000036,Ke C - Tang 3 - O 7
Laptop & Desktop,Apple macbook-pro-m,LAP-APP-46185-8GB,8GB,50,ES0000260000037,Ke C - Tang 3 - O 7
Laptop & Desktop,Apple macbook-pro-m,LAP-APP-46185-8GB,8GB,50,ES0000260000038,Ke C - Tang 3 - O 7
Laptop & Desktop,Apple macbook-pro-m,LAP-APP-46185-8GB,8GB,50,ES0000260000039,Ke C - Tang 3 - O 7
Laptop & Desktop,Apple macbook-pro-m,LAP-APP-46185-8GB,8GB,50,ES0000260000040,Ke C - Tang 3 - O 7
Laptop & Desktop,Apple macbook-pro-m,LAP-APP-46185-8GB,8GB,50,ES0000260000041,Ke C - Tang 3 - O 7
Laptop & Desktop,Apple macbook-pro-m,LAP-APP-46185-8GB,8GB,50,ES0000260000042,Ke C - Tang 3 - O 7
Laptop & Desktop,Apple macbook-pro-m,LAP-APP-46185-8GB,8GB,50,ES0000260000043,Ke C - Tang 3 - O 7
Laptop & Desktop,Apple macbook-pro-m,LAP-APP-46185-8GB,8GB,50,ES0000260000044,Ke C - Tang 3 - O 7
Laptop & Desktop,Apple macbook-pro-m,LAP-APP-46185-8GB,8GB,50,ES0000260000045,Ke C - Tang 3 - O 7
Laptop & Desktop,Apple macbook-pro-m,LAP-APP-46185-8GB,8GB,50,ES0000260000046,Ke C - Tang 3 - O 7
Laptop & Desktop,Apple macbook-pro-m,LAP-APP-46185-8GB,8GB,50,ES0000260000047,Ke C - Tang 3 - O 7
Laptop & Desktop,Apple macbook-pro-m,LAP-APP-46185-8GB,8GB,50,ES0000260000048,Ke C - Tang 3 - O 7
Laptop & Desktop,Apple macbook-pro-m,LAP-APP-46185-8GB,8GB,50,ES0000260000049,Ke C - Tang 3 - O 7
Laptop & Desktop,Apple macbook-pro-m,LAP-APP-46185-8GB,8GB,50,ES0000260000050,Ke C - Tang 3 - O 7
Laptop & Desktop,Apple macbook-pro-m,LAP-APP-92037-16GB,16GB,50,ES0000270000001,Ke A - Tang 1 - O 8
Laptop & Desktop,Apple macbook-pro-m,LAP-APP-92037-16GB,16GB,50,ES0000270000002,Ke A - Tang 1 - O 8
Laptop & Desktop,Apple macbook-pro-m,LAP-APP-92037-16GB,16GB,50,ES0000270000003,Ke A - Tang 1 - O 8
Laptop & Desktop,Apple macbook-pro-m,LAP-APP-92037-16GB,16GB,50,ES0000270000004,Ke A - Tang 1 - O 8
Laptop & Desktop,Apple macbook-pro-m,LAP-APP-92037-16GB,16GB,50,ES0000270000005,Ke A - Tang 1 - O 8
Laptop & Desktop,Apple macbook-pro-m,LAP-APP-92037-16GB,16GB,50,ES0000270000006,Ke A - Tang 1 - O 8
Laptop & Desktop,Apple macbook-pro-m,LAP-APP-92037-16GB,16GB,50,ES0000270000007,Ke A - Tang 1 - O 8
Laptop & Desktop,Apple macbook-pro-m,LAP-APP-92037-16GB,16GB,50,ES0000270000008,Ke A - Tang 1 - O 8
Laptop & Desktop,Apple macbook-pro-m,LAP-APP-92037-16GB,16GB,50,ES0000270000009,Ke A - Tang 1 - O 8
Laptop & Desktop,Apple macbook-pro-m,LAP-APP-92037-16GB,16GB,50,ES0000270000010,Ke A - Tang 1 - O 8
Laptop & Desktop,Apple macbook-pro-m,LAP-APP-92037-16GB,16GB,50,ES0000270000011,Ke A - Tang 1 - O 8
Laptop & Desktop,Apple macbook-pro-m,LAP-APP-92037-16GB,16GB,50,ES0000270000012,Ke A - Tang 1 - O 8
Laptop & Desktop,Apple macbook-pro-m,LAP-APP-92037-16GB,16GB,50,ES0000270000013,Ke A - Tang 1 - O 8
Laptop & Desktop,Apple macbook-pro-m,LAP-APP-92037-16GB,16GB,50,ES0000270000014,Ke A - Tang 1 - O 8
Laptop & Desktop,Apple macbook-pro-m,LAP-APP-92037-16GB,16GB,50,ES0000270000015,Ke A - Tang 1 - O 8
Laptop & Desktop,Apple macbook-pro-m,LAP-APP-92037-16GB,16GB,50,ES0000270000016,Ke A - Tang 1 - O 8
Laptop & Desktop,Apple macbook-pro-m,LAP-APP-92037-16GB,16GB,50,ES0000270000017,Ke A - Tang 1 - O 8
Laptop & Desktop,Apple macbook-pro-m,LAP-APP-92037-16GB,16GB,50,ES0000270000018,Ke A - Tang 1 - O 8
Laptop & Desktop,Apple macbook-pro-m,LAP-APP-92037-16GB,16GB,50,ES0000270000019,Ke A - Tang 1 - O 8
Laptop & Desktop,Apple macbook-pro-m,LAP-APP-92037-16GB,16GB,50,ES0000270000020,Ke A - Tang 1 - O 8
Laptop & Desktop,Apple macbook-pro-m,LAP-APP-92037-16GB,16GB,50,ES0000270000021,Ke A - Tang 1 - O 8
Laptop & Desktop,Apple macbook-pro-m,LAP-APP-92037-16GB,16GB,50,ES0000270000022,Ke A - Tang 1 - O 8
Laptop & Desktop,Apple macbook-pro-m,LAP-APP-92037-16GB,16GB,50,ES0000270000023,Ke A - Tang 1 - O 8
Laptop & Desktop,Apple macbook-pro-m,LAP-APP-92037-16GB,16GB,50,ES0000270000024,Ke A - Tang 1 - O 8
Laptop & Desktop,Apple macbook-pro-m,LAP-APP-92037-16GB,16GB,50,ES0000270000025,Ke A - Tang 1 - O 8
Laptop & Desktop,Apple macbook-pro-m,LAP-APP-92037-16GB,16GB,50,ES0000270000035,Ke A - Tang 1 - O 8
Laptop & Desktop,Apple macbook-pro-m,LAP-APP-92037-16GB,16GB,50,ES0000270000026,Ke A - Tang 1 - O 8
Laptop & Desktop,Apple macbook-pro-m,LAP-APP-92037-16GB,16GB,50,ES0000270000027,Ke A - Tang 1 - O 8
Laptop & Desktop,Apple macbook-pro-m,LAP-APP-92037-16GB,16GB,50,ES0000270000028,Ke A - Tang 1 - O 8
Laptop & Desktop,Apple macbook-pro-m,LAP-APP-92037-16GB,16GB,50,ES0000270000029,Ke A - Tang 1 - O 8
Laptop & Desktop,Apple macbook-pro-m,LAP-APP-92037-16GB,16GB,50,ES0000270000030,Ke A - Tang 1 - O 8
Laptop & Desktop,Apple macbook-pro-m,LAP-APP-92037-16GB,16GB,50,ES0000270000031,Ke A - Tang 1 - O 8
Laptop & Desktop,Apple macbook-pro-m,LAP-APP-92037-16GB,16GB,50,ES0000270000032,Ke A - Tang 1 - O 8
Laptop & Desktop,Apple macbook-pro-m,LAP-APP-92037-16GB,16GB,50,ES0000270000033,Ke A - Tang 1 - O 8
Laptop & Desktop,Apple macbook-pro-m,LAP-APP-92037-16GB,16GB,50,ES0000270000034,Ke A - Tang 1 - O 8
Laptop & Desktop,Apple macbook-pro-m,LAP-APP-92037-16GB,16GB,50,ES0000270000036,Ke A - Tang 1 - O 8
Laptop & Desktop,Apple macbook-pro-m,LAP-APP-92037-16GB,16GB,50,ES0000270000037,Ke A - Tang 1 - O 8
Laptop & Desktop,Apple macbook-pro-m,LAP-APP-92037-16GB,16GB,50,ES0000270000038,Ke A - Tang 1 - O 8
Laptop & Desktop,Apple macbook-pro-m,LAP-APP-92037-16GB,16GB,50,ES0000270000039,Ke A - Tang 1 - O 8
Laptop & Desktop,Apple macbook-pro-m,LAP-APP-92037-16GB,16GB,50,ES0000270000040,Ke A - Tang 1 - O 8
Laptop & Desktop,Apple macbook-pro-m,LAP-APP-92037-16GB,16GB,50,ES0000270000041,Ke A - Tang 1 - O 8
Laptop & Desktop,Apple macbook-pro-m,LAP-APP-92037-16GB,16GB,50,ES0000270000042,Ke A - Tang 1 - O 8
Laptop & Desktop,Apple macbook-pro-m,LAP-APP-92037-16GB,16GB,50,ES0000270000043,Ke A - Tang 1 - O 8
Laptop & Desktop,Apple macbook-pro-m,LAP-APP-92037-16GB,16GB,50,ES0000270000044,Ke A - Tang 1 - O 8
Laptop & Desktop,Apple macbook-pro-m,LAP-APP-92037-16GB,16GB,50,ES0000270000045,Ke A - Tang 1 - O 8
Laptop & Desktop,Apple macbook-pro-m,LAP-APP-92037-16GB,16GB,50,ES0000270000046,Ke A - Tang 1 - O 8
Laptop & Desktop,Apple macbook-pro-m,LAP-APP-92037-16GB,16GB,50,ES0000270000050,Ke A - Tang 1 - O 8
Laptop & Desktop,Apple macbook-pro-m,LAP-APP-92037-16GB,16GB,50,ES0000270000047,Ke A - Tang 1 - O 8
Laptop & Desktop,Apple macbook-pro-m,LAP-APP-92037-16GB,16GB,50,ES0000270000048,Ke A - Tang 1 - O 8
Laptop & Desktop,Apple macbook-pro-m,LAP-APP-92037-16GB,16GB,50,ES0000270000049,Ke A - Tang 1 - O 8
